School_ID,School_Type,Student_Count_Total,ADA_Accessible,Dress_Code,Bilingual_Services,Refugee_Services,Title_1_Eligible,Average_ACT_School,College_Enrollment_Rate_School,Graduation_Rate_School,Overall_Rating,Rating_Status,Student_Growth_Rating,Student_Attainment_Rating,Culture_Climate_Rating,School_Survey_Involved_Families,School_Survey_Supportive_Environment,School_Survey_Ambitious_Instruction,School_Survey_Effective_Leaders,School_Survey_Collaborative_Teachers,School_Survey_Safety,School_Survey_School_Community,School_Survey_Parent_Teacher_Partnership,School_Survey_Quality_Of_Facilities,Growth_ACT_Grade_11_Pct,Attainment_ACT_Grade_11_Pct,Freshmen_On_Track_School_Pct_Year_2,College_Persistence_School_Pct_Year_2,Supportive_School_Award,lib_cnt,Neighborhood Name,PRED_NON_ENG_LANG,PRED_NON_ENG_PERCENT,PERCENT OF HOUSING CROWDED,PERCENT HOUSEHOLDS BELOW POVERTY,PERCENT AGED 16+ UNEMPLOYED,PERCENT AGED 25+ WITHOUT HIGH SCHOOL DIPLOMA,PERCENT AGED UNDER 18 OR OVER 64,PER CAPITA INCOME ,HARDSHIP INDEX,Suspensions_Per_100_Students_Change,Misconducts_To_Suspensions_Change,Student_Attendance_Change,Teacher_Attendance_Change,One_Year_Dropout_Rate_Change,Student_Low_Income_Pct,Student_Special_Ed_Pct,Student_English_Learners_Pct,Student_Black_Pct,Student_Hispanic_Pct,Student_White_Pct,Student_Asian_Pct
609764,Neighborhood,1739,Generally accessible,N,Y,Y,Y,16.5,50.6,80.9,Level 2+,Good Standing,BELOW AVERAGE,BELOW AVERAGE,MODERATELY ORGANIZED,NEUTRAL,NEUTRAL,NEUTRAL,WEAK,STRONG,WEAK,NEUTRAL,NEUTRAL,NEUTRAL,-1.0,19.0,81.5,64.4,Coming Soon,6,LOWER WEST SIDE,SPANISH,0.4,0.096,0.258,0.158,0.407,0.326,16444,76,2.5999999999999996,-0.10000000000000142,-0.29999999999999716,4.799999999999997,-0.39999999999999947,0.9539965497412306,0.16158711903392756,0.19033927544565843,0.03335250143760782,0.9453709028177113,0.006900517538815411,0.002875215641173088
400054,Charter,992,Generally accessible,Y,N,N,Y,21.9,85.7,90.3,Level 1+,Not Applicable,FAR ABOVE AVERAGE,ABOVE AVERAGE,WELL ORGANIZED,STRONG,STRONG,VERY STRONG,NEUTRAL,VERY STRONG,WEAK,NOT ENOUGH DATA,NOT ENOUGH DATA,NOT ENOUGH DATA,3.8,74.0,87.6,70.8,Coming Soon,4,HERMOSA,SPANISH,0.38,0.069,0.205,0.131,0.416,0.364,15089,71,0.0,0.0,0.6000000000000085,0.0,-0.8000000000000003,0.9435483870967742,0.10685483870967742,0.12096774193548387,0.03024193548387097,0.9526209677419355,0.009072580645161291,0.0010080645161290322
609726,Selective enrollment,959,Fully Accessible,N,N,N,Y,22.5,85.1,93.4,Level 1+,Good Standing,ABOVE AVERAGE,ABOVE AVERAGE,WELL ORGANIZED,STRONG,STRONG,VERY STRONG,NEUTRAL,NEUTRAL,NEUTRAL,NOT ENOUGH DATA,NOT ENOUGH DATA,NOT ENOUGH DATA,0.6,80.0,94.4,88.0,Coming Soon,3,ROSELAND,SPANISH,0.0,0.025,0.198,0.203,0.16899999999999998,0.412,17949,52,-3.2,-5.9,0.0,4.700000000000003,-1.2000000000000002,0.721584984358707,0.061522419186652764,0.0020855057351407717,0.7893639207507821,0.18248175182481752,0.0072992700729927005,0.0010427528675703858
400094,Charter,523,Generally accessible,Y,Y,N,Y,17.5,72.7,69.9,Level 1+,Not Applicable,FAR ABOVE AVERAGE,BELOW AVERAGE,ORGANIZED,STRONG,STRONG,STRONG,WEAK,NEUTRAL,WEAK,NOT ENOUGH DATA,NOT ENOUGH DATA,NOT ENOUGH DATA,1.9,28.0,91.6,69.4,Coming Soon,2,SOUTH CHICAGO,SPANISH,0.09,0.047,0.298,0.197,0.266,0.411,16579,75,0.0,0.0,-0.9000000000000057,0.0,0.6000000000000001,0.9388145315487572,0.2237093690248566,0.13766730401529637,0.6328871892925431,0.35564053537284895,0.0038240917782026767,0.0
609755,Selective enrollment,2156,Generally accessible,N,Y,N,N,27.9,85.2,96.2,Level 1+,Good Standing,FAR ABOVE AVERAGE,FAR ABOVE AVERAGE,WELL ORGANIZED,VERY STRONG,VERY STRONG,VERY STRONG,STRONG,STRONG,STRONG,NOT ENOUGH DATA,NOT ENOUGH DATA,NOT ENOUGH DATA,1.8,99.0,97.9,93.4,Coming Soon,7,NEAR WEST SIDE,SPANISH,0.02,0.038,0.206,0.107,0.096,0.222,44689,15,0.5999999999999999,3.3999999999999986,-0.5999999999999943,4.700000000000003,0.6000000000000001,0.413265306122449,0.06679035250463822,0.010667903525046383,0.21382189239332097,0.2987012987012987,0.2824675324675325,0.1590909090909091
609756,Magnet,2924,Generally accessible,N,Y,N,Y,17.4,65.8,76.0,Level 2+,Good Standing,BELOW AVERAGE,BELOW AVERAGE,ORGANIZED,NEUTRAL,NEUTRAL,STRONG,NEUTRAL,STRONG,WEAK,NOT ENOUGH DATA,NOT ENOUGH DATA,NOT ENOUGH DATA,-1.1,27.0,71.7,74.7,Emerging,5,ARCHER HEIGHTS,SPANISH,0.32,0.085,0.141,0.165,0.359,0.392,16134,67,1.0999999999999996,-20.6,-0.3999999999999915,4.200000000000003,-0.7999999999999998,0.9278385772913816,0.10601915184678523,0.11080711354309165,0.13098495212038302,0.8129274965800274,0.02188782489740082,0.025991792065663474
610518,Small,223,Generally accessible,N,Y,N,Y,14.6,40.0,70.9,Level 3,Intensive Support,BELOW AVERAGE,FAR BELOW AVERAGE,PARTIALLY ORGANIZED,NEUTRAL,WEAK,NEUTRAL,WEAK,NEUTRAL,VERY WEAK,NOT ENOUGH DATA,NOT ENOUGH DATA,NOT ENOUGH DATA,-0.9,7.0,55.6,47.6,Coming Soon,4,AUSTIN,SPANISH,0.03,0.063,0.28600000000000003,0.226,0.244,0.379,15957,73,-16.0,-2.8000000000000007,4.599999999999994,4.799999999999997,-3.4000000000000004,0.968609865470852,0.28699551569506726,0.013452914798206279,0.9641255605381166,0.02242152466367713,0.004484304932735426,0.0
400077,Charter,635,Generally accessible,Y,N,N,Y,17.2,80.4,76.3,Level 1,Not Applicable,ABOVE AVERAGE,BELOW AVERAGE,WELL ORGANIZED,STRONG,NEUTRAL,VERY STRONG,STRONG,STRONG,VERY WEAK,NOT ENOUGH DATA,NOT ENOUGH DATA,NOT ENOUGH DATA,0.9,25.0,82.0,84.6,Coming Soon,2,WOODLAWN,SPANISH,0.01,0.029,0.307,0.234,0.165,0.361,18672,58,0.0,0.0,2.0,0.0,5.3999999999999995,0.8393700787401575,0.16377952755905512,0.0031496062992125984,0.9763779527559056,0.012598425196850394,0.0,0.0
400056,Charter,474,Fully Accessible,Y,Y,N,Y,18.5,76.9,82.4,Level 2+,Not Applicable,FAR ABOVE AVERAGE,BELOW AVERAGE,MODERATELY ORGANIZED,NEUTRAL,NEUTRAL,VERY STRONG,WEAK,NEUTRAL,VERY WEAK,NOT ENOUGH DATA,NOT ENOUGH DATA,NOT ENOUGH DATA,1.6,39.0,65.3,70.9,Coming Soon,3,HUMBOLDT PARK,SPANISH,0.18,0.14800000000000002,0.339,0.173,0.354,0.38,13781,85,0.0,0.0,0.6999999999999886,0.0,5.1,0.930379746835443,0.2468354430379747,0.05907172995780591,0.7510548523206751,0.23839662447257384,0.002109704641350211,0.002109704641350211
610394,Small,245,Generally accessible,N,Y,N,Y,15.6,65.4,74.3,Level 2+,Good Standing,BELOW AVERAGE,BELOW AVERAGE,WELL ORGANIZED,NEUTRAL,STRONG,STRONG,NEUTRAL,STRONG,WEAK,NOT ENOUGH DATA,NOT ENOUGH DATA,NOT ENOUGH DATA,-1.3,12.0,85.1,59.6,Coming Soon,4,UPTOWN,SPANISH,0.05,0.038,0.24,0.08900000000000001,0.118,0.222,35787,20,-8.600000000000001,-36.5,0.4000000000000057,3.0999999999999943,-3.1999999999999997,0.9346938775510204,0.363265306122449,0.10204081632653061,0.8,0.13877551020408163,0.024489795918367346,0.02040816326530612
400058,Charter,357,Fully Accessible,Y,Y,N,Y,15.3,65.8,67.1,Level 1,Not Applicable,BELOW AVERAGE,BELOW AVERAGE,PARTIALLY ORGANIZED,WEAK,NEUTRAL,STRONG,WEAK,NEUTRAL,VERY WEAK,VERY STRONG,STRONG,VERY STRONG,-1.1,11.0,92.1,59.3,Coming Soon,8,NORTH LAWNDALE,SPANISH,0.02,0.07400000000000001,0.431,0.212,0.276,0.4270000000000001,12034,87,0.0,0.0,1.0999999999999943,0.0,0.19999999999999996,0.9775910364145658,0.18207282913165265,0.0,0.9943977591036415,0.0028011204481792717,0.0028011204481792717,0.0
609692,Career academy,1339,Generally accessible,Y,N,N,Y,16.2,63.2,80.7,Level 1,Good Standing,BELOW AVERAGE,BELOW AVERAGE,ORGANIZED,NEUTRAL,NEUTRAL,STRONG,NEUTRAL,NEUTRAL,WEAK,NOT ENOUGH DATA,NOT ENOUGH DATA,NOT ENOUGH DATA,-1.4,16.0,81.7,77.1,Coming Soon,3,CHATHAM,SPANISH,0.0,0.033,0.278,0.24,0.145,0.403,18881,60,-5.800000000000001,-26.4,-0.5999999999999943,4.3999999999999915,0.8,0.9208364451082898,0.09932785660941,0.0,0.988050784167289,0.008961911874533234,0.0007468259895444362,0.0
610529,Neighborhood,880,Generally accessible,N,N,N,Y,19.7,72.6,83.6,Level 1,Good Standing,ABOVE AVERAGE,AVERAGE,WELL ORGANIZED,VERY STRONG,NEUTRAL,STRONG,NEUTRAL,STRONG,WEAK,NOT ENOUGH DATA,NOT ENOUGH DATA,NOT ENOUGH DATA,0.8,51.0,93.6,80.0,Coming Soon,8,WEST TOWN,SPANISH,0.1,0.023,0.147,0.066,0.129,0.217,43198,10,-1.3,9.100000000000001,-1.5,0.0,-0.9000000000000001,0.5465909090909091,0.10568181818181818,0.0375,0.36704545454545456,0.32727272727272727,0.225,0.04659090909090909
610340,Small,541,Fully Accessible,N,N,N,Y,18.5,80.4,85.4,Level 1,Good Standing,ABOVE AVERAGE,AVERAGE,PARTIALLY ORGANIZED,WEAK,STRONG,STRONG,VERY WEAK,WEAK,NEUTRAL,NOT ENOUGH DATA,NOT ENOUGH DATA,NOT ENOUGH DATA,0.7,40.0,83.0,64.9,Coming Soon,2,DUNNING,POLISH,0.15,0.052000000000000005,0.106,0.1,0.162,0.336,26282,28,2.8,22.2,-1.7000000000000028,5.400000000000006,1.9,0.8207024029574861,0.2088724584103512,0.09981515711645102,0.11829944547134935,0.6173752310536045,0.1977818853974122,0.051756007393715345
609744,Special Education,230,Fully Accessible,N,Y,U,Y,17.467521367521364,0.0,3.1,Inability to Rate,Good Standing,NO DATA AVAILABLE,NO DATA AVAILABLE,WELL ORGANIZED,VERY STRONG,STRONG,VERY STRONG,NEUTRAL,STRONG,VERY STRONG,VERY STRONG,VERY STRONG,VERY STRONG,-0.062280701754386,29.64957264957265,100.0,65.80608695652174,Coming Soon,3,NORTH PARK,SPANISH,0.06,0.039,0.132,0.099,0.14400000000000002,0.39,26576,33,1.8,11.100000000000001,0.7000000000000028,4.799999999999997,0.0,0.8434782608695652,1.0,0.33043478260869563,0.22608695652173913,0.5043478260869565,0.2,0.043478260869565216
609738,Neighborhood,2097,Fully Accessible,N,Y,N,N,22.3,79.6,87.7,Level 1+,Good Standing,ABOVE AVERAGE,ABOVE AVERAGE,ORGANIZED,NOT ENOUGH DATA,NEUTRAL,STRONG,NOT ENOUGH DATA,NOT ENOUGH DATA,WEAK,NOT ENOUGH DATA,NOT ENOUGH DATA,NOT ENOUGH DATA,0.6,78.0,87.7,86.0,Coming Soon,3,LINCOLN PARK,SPANISH,0.01,0.008,0.123,0.051,0.036000000000000004,0.215,71551,2,-2.0,-28.700000000000003,-0.4000000000000057,4.5,0.0,0.5431568907963757,0.08106819265617549,0.026227944682880304,0.21316165951359084,0.34763948497854075,0.28087744396757275,0.11683357176919408
609746,Neighborhood,1763,Generally accessible,N,Y,N,Y,19.2,78.3,84.6,Level 1+,Good Standing,ABOVE AVERAGE,AVERAGE,WELL ORGANIZED,VERY STRONG,STRONG,VERY STRONG,STRONG,STRONG,NEUTRAL,NOT ENOUGH DATA,NOT ENOUGH DATA,NOT ENOUGH DATA,0.6,45.0,94.2,77.2,Coming Soon,2,KENWOOD,SPANISH,0.01,0.024,0.217,0.157,0.113,0.354,35911,26,0.10000000000000142,-10.3,-1.5,5.099999999999994,0.10000000000000009,0.6012478729438457,0.06182643221781055,0.009075439591605219,0.8326715825297788,0.04424276800907544,0.05161656267725468,0.028927963698241632
609712,Neighborhood,132,No/unknown accessibility,Y,N,N,Y,13.1,40.5,36.1,Level 3,Intensive Support,FAR BELOW AVERAGE,FAR BELOW AVERAGE,WELL ORGANIZED,STRONG,STRONG,VERY STRONG,STRONG,STRONG,NEUTRAL,NOT ENOUGH DATA,NOT ENOUGH DATA,NOT ENOUGH DATA,-1.7,3.0,83.3,64.3,Coming Soon,3,GREATER GRAND CROSSING,SPANISH,0.0,0.036000000000000004,0.29600000000000004,0.23,0.165,0.41,17285,66,-11.400000000000006,-16.2,-2.5,4.200000000000003,10.799999999999999,0.9015151515151515,0.4015151515151515,0.007575757575757576,0.9772727272727273,0.007575757575757576,0.007575757575757576,0.0
400010,Charter,314,Generally accessible,Y,Y,N,Y,15.2,56.3,68.8,Level 2,Not Applicable,BELOW AVERAGE,BELOW AVERAGE,WELL ORGANIZED,VERY STRONG,NEUTRAL,VERY STRONG,STRONG,VERY STRONG,VERY WEAK,NOT ENOUGH DATA,NOT ENOUGH DATA,NOT ENOUGH DATA,-0.9,10.0,40.0,63.2,Coming Soon,5,WASHINGTON PARK,SPANISH,0.01,0.056,0.421,0.28600000000000003,0.254,0.428,13785,88,0.0,0.0,0.5,0.0,-1.9,0.9617834394904459,0.21337579617834396,0.07006369426751592,0.8248407643312102,0.15605095541401273,0.012738853503184714,0.0
400033,Charter,1329,No/unknown accessibility,Y,N,N,Y,15.4,64.9,82.6,Level 2,Not Applicable,AVERAGE,BELOW AVERAGE,PARTIALLY ORGANIZED,NEUTRAL,WEAK,NEUTRAL,NEUTRAL,NEUTRAL,VERY WEAK,NEUTRAL,NEUTRAL,NEUTRAL,-0.1,11.0,80.4,67.2,Coming Soon,4,WASHINGTON HEIGHTS,SPANISH,0.0,0.011,0.16899999999999998,0.208,0.13699999999999998,0.426,19713,48,0.0,0.0,0.3999999999999915,0.0,0.5,0.9187358916478555,0.17306245297215953,0.006772009029345372,0.9834462001504891,0.006019563581640331,0.0015048908954100827,0.0
609691,Neighborhood,954,Fully Accessible,N,Y,N,Y,15.9,42.6,74.3,Level 1,Good Standing,AVERAGE,BELOW AVERAGE,WELL ORGANIZED,STRONG,STRONG,STRONG,VERY STRONG,VERY STRONG,WEAK,NOT ENOUGH DATA,NOT ENOUGH DATA,NOT ENOUGH DATA,-0.5,16.0,91.4,61.5,Established,2,HUMBOLDT PARK,SPANISH,0.18,0.14800000000000002,0.339,0.173,0.354,0.38,13781,85,-0.3000000000000007,-3.1000000000000014,-1.3999999999999915,4.5,1.0999999999999996,0.9454926624737946,0.16561844863731656,0.19077568134171907,0.16037735849056603,0.8144654088050315,0.011530398322851153,0.005241090146750524
609704,Neighborhood,731,No/unknown accessibility,Y,Y,N,Y,15.2,37.8,65.3,Level 2,Intensive Support,BELOW AVERAGE,BELOW AVERAGE,MODERATELY ORGANIZED,NEUTRAL,NEUTRAL,STRONG,WEAK,NEUTRAL,VERY WEAK,NOT ENOUGH DATA,NOT ENOUGH DATA,NOT ENOUGH DATA,-0.9,11.0,85.1,68.8,Established,7,SOUTH LAWNDALE,SPANISH,0.44,0.152,0.307,0.158,0.5479999999999999,0.338,10402,96,-4.0,2.5999999999999996,0.20000000000000284,4.700000000000003,0.6999999999999993,0.9616963064295485,0.2270861833105335,0.2818057455540356,0.08207934336525308,0.9001367989056087,0.005471956224350205,0.0
400106,Charter,807,No/unknown accessibility,Y,N,N,Y,18.2,81.3,77.4,Level 1,Not Applicable,FAR ABOVE AVERAGE,BELOW AVERAGE,WELL ORGANIZED,STRONG,STRONG,VERY STRONG,STRONG,STRONG,WEAK,NOT ENOUGH DATA,NOT ENOUGH DATA,NOT ENOUGH DATA,2.1,34.0,88.0,68.9,Coming Soon,3,ENGLEWOOD,SPANISH,0.0,0.038,0.466,0.28,0.285,0.425,11888,94,0.0,0.0,1.4000000000000057,0.0,4.1,0.9566294919454771,0.20817843866171004,0.011152416356877323,0.9727385377942999,0.01982651796778191,0.0,0.0012391573729863693
610245,Neighborhood,103,Generally accessible,Y,Y,U,Y,13.6,20.7,56.3,Level 3,Intensive Support,FAR BELOW AVERAGE,FAR BELOW AVERAGE,WELL ORGANIZED,STRONG,STRONG,STRONG,STRONG,VERY STRONG,WEAK,NOT ENOUGH DATA,NOT ENOUGH DATA,NOT ENOUGH DATA,-2.0,4.0,77.8,36.8,Coming Soon,4,AUSTIN,SPANISH,0.03,0.063,0.28600000000000003,0.226,0.244,0.379,15957,73,-91.30000000000001,2.0,-0.10000000000000853,4.200000000000003,-5.4,0.9805825242718447,0.30097087378640774,0.019417475728155338,0.970873786407767,0.02912621359223301,0.0,0.0
609724,Neighborhood,1430,Fully Accessible,N,Y,Y,Y,17.4,66.3,72.3,Level 1,Good Standing,AVERAGE,BELOW AVERAGE,WELL ORGANIZED,STRONG,STRONG,VERY STRONG,STRONG,VERY STRONG,WEAK,NOT ENOUGH DATA,NOT ENOUGH DATA,NOT ENOUGH DATA,-0.3,30.0,76.5,78.0,Coming Soon,7,WEST RIDGE,SPANISH,0.09,0.078,0.172,0.08800000000000001,0.208,0.385,23040,46,-1.2999999999999998,-6.899999999999999,1.0999999999999943,4.799999999999997,-2.3999999999999995,0.8433566433566434,0.12097902097902098,0.25874125874125875,0.11818181818181818,0.35874125874125873,0.1902097902097902,0.30699300699300697
400064,Charter,388,Fully Accessible,Y,Y,N,Y,17.5,81.6,85.7,Level 1,Not Applicable,ABOVE AVERAGE,BELOW AVERAGE,PARTIALLY ORGANIZED,WEAK,NEUTRAL,NEUTRAL,NEUTRAL,NEUTRAL,WEAK,NOT ENOUGH DATA,NOT ENOUGH DATA,NOT ENOUGH DATA,0.6,26.0,96.3,80.6,Coming Soon,5,NEAR SOUTH SIDE,CHINESE,0.02,0.013,0.138,0.049,0.07400000000000001,0.218,59077,7,0.0,0.0,0.8999999999999915,0.0,1.8000000000000003,0.8634020618556701,0.19329896907216496,0.020618556701030927,0.8685567010309279,0.10051546391752578,0.005154639175257732,0.010309278350515464
400055,Charter,634,Generally accessible,Y,Y,N,Y,20.9,77.2,85.6,Level 1+,Not Applicable,FAR ABOVE AVERAGE,AVERAGE,WELL ORGANIZED,NEUTRAL,STRONG,VERY STRONG,NEUTRAL,STRONG,NEUTRAL,NOT ENOUGH DATA,NOT ENOUGH DATA,NOT ENOUGH DATA,3.3,67.0,86.0,77.9,Coming Soon,6,WEST TOWN,SPANISH,0.1,0.023,0.147,0.066,0.129,0.217,43198,10,0.0,0.0,0.0,0.0,0.6000000000000001,0.8233438485804416,0.138801261829653,0.12460567823343849,0.167192429022082,0.7854889589905363,0.022082018927444796,0.00473186119873817
400105,Charter,322,No/unknown accessibility,Y,N,N,Y,16.6,75.0,82.4,Level 1,Not Applicable,AVERAGE,BELOW AVERAGE,ORGANIZED,STRONG,NEUTRAL,STRONG,NEUTRAL,NEUTRAL,VERY WEAK,NEUTRAL,NEUTRAL,NEUTRAL,0.2,19.0,82.4,63.0,Coming Soon,3,DOUGLAS,CHINESE,0.03,0.018000000000000002,0.29600000000000004,0.182,0.14300000000000002,0.307,23791,47,0.0,0.0,-0.7000000000000028,0.0,1.0,0.8136645962732919,0.19254658385093168,0.0,0.9751552795031055,0.012422360248447204,0.0,0.0
400104,Charter,742,No/unknown accessibility,Y,Y,N,Y,16.7,56.4,82.8,Level 1,Not Applicable,AVERAGE,BELOW AVERAGE,ORGANIZED,NEUTRAL,STRONG,NEUTRAL,NEUTRAL,NEUTRAL,WEAK,NEUTRAL,NEUTRAL,NEUTRAL,-0.4,22.0,87.8,67.5,Coming Soon,3,LOWER WEST SIDE,SPANISH,0.4,0.096,0.258,0.158,0.407,0.326,16444,76,0.0,0.0,1.2999999999999972,0.0,0.8,0.9703504043126685,0.1967654986522911,0.22776280323450135,0.03234501347708895,0.9622641509433962,0.004043126684636119,0.0
609698,Neighborhood,780,Generally accessible,N,Y,N,Y,14.9,54.6,75.7,Level 2+,Provisional Support,FAR BELOW AVERAGE,FAR BELOW AVERAGE,ORGANIZED,STRONG,NEUTRAL,STRONG,NEUTRAL,NEUTRAL,WEAK,NEUTRAL,NEUTRAL,NEUTRAL,-1.6,9.0,92.9,57.1,Established,5,ASHBURN,SPANISH,0.12,0.04,0.104,0.117,0.177,0.369,23482,37,1.700000000000001,3.0,-0.9000000000000057,5.6000000000000085,0.3999999999999999,0.9102564102564102,0.24871794871794872,0.09743589743589744,0.5038461538461538,0.47692307692307695,0.005128205128205128,0.001282051282051282
610524,Small,319,Fully Accessible,N,Y,N,N,17.6,59.6,87.1,Level 1+,Good Standing,BELOW AVERAGE,BELOW AVERAGE,WELL ORGANIZED,VERY STRONG,STRONG,STRONG,VERY STRONG,VERY STRONG,NEUTRAL,NOT ENOUGH DATA,NOT ENOUGH DATA,NOT ENOUGH DATA,-0.8,28.0,85.3,76.9,Coming Soon,4,NORTH CENTER,SPANISH,0.04,0.003,0.075,0.052000000000000005,0.045,0.262,57123,6,-2.0999999999999996,27.299999999999997,-0.20000000000000284,0.0,4.199999999999999,0.8307210031347962,0.12539184952978055,0.06269592476489028,0.15673981191222572,0.6990595611285266,0.09404388714733543,0.01567398119122257
609728,Neighborhood,1094,Generally accessible,Y,Y,Y,Y,15.5,38.0,66.9,Level 2,Intensive Support,BELOW AVERAGE,BELOW AVERAGE,PARTIALLY ORGANIZED,NEUTRAL,NEUTRAL,NEUTRAL,WEAK,NEUTRAL,VERY WEAK,NOT ENOUGH DATA,NOT ENOUGH DATA,NOT ENOUGH DATA,-0.7,14.0,71.4,64.3,Coming Soon,3,ALBANY PARK,SPANISH,0.29,0.113,0.192,0.1,0.329,0.32,21323,53,-7.400000000000002,7.899999999999999,1.6000000000000085,4.400000000000006,0.09999999999999964,0.9323583180987203,0.19287020109689215,0.2851919561243144,0.14716636197440586,0.6901279707495429,0.05758683729433273,0.0740402193784278
400066,Charter,445,Generally accessible,Y,N,N,Y,17.3,62.3,78.1,Level 1,Not Applicable,ABOVE AVERAGE,BELOW AVERAGE,PARTIALLY ORGANIZED,NEUTRAL,NEUTRAL,STRONG,WEAK,WEAK,VERY WEAK,NOT ENOUGH DATA,NOT ENOUGH DATA,NOT ENOUGH DATA,0.5,24.0,95.8,67.5,Coming Soon,5,DOUGLAS,CHINESE,0.03,0.018000000000000002,0.29600000000000004,0.182,0.14300000000000002,0.307,23791,47,0.0,0.0,0.5,0.0,2.6999999999999997,0.898876404494382,0.20224719101123595,0.008988764044943821,0.9662921348314607,0.029213483146067417,0.0022471910112359553,0.0
400086,Charter,271,Generally accessible,Y,N,N,Y,16.7,67.1,71.3,Level 2+,Not Applicable,AVERAGE,BELOW AVERAGE,PARTIALLY ORGANIZED,NEUTRAL,NEUTRAL,NEUTRAL,WEAK,WEAK,VERY WEAK,NOT ENOUGH DATA,NOT ENOUGH DATA,NOT ENOUGH DATA,-0.1,19.0,67.3,76.9,Coming Soon,3,ENGLEWOOD,SPANISH,0.0,0.038,0.466,0.28,0.285,0.425,11888,94,0.0,0.0,2.3000000000000114,0.0,-0.2999999999999998,0.8892988929889298,0.25092250922509224,0.0036900369003690036,0.996309963099631,0.0036900369003690036,0.0,0.0
610557,Citywide-Option,227,No/unknown accessibility,N,U,U,Y,15.1,18.8,0.0,Level 2,Not Applicable,NO DATA AVAILABLE,BELOW AVERAGE,PARTIALLY ORGANIZED,NOT ENOUGH DATA,VERY STRONG,VERY WEAK,WEAK,NEUTRAL,STRONG,NOT ENOUGH DATA,NOT ENOUGH DATA,NOT ENOUGH DATA,-0.062280701754386,11.0,84.7205128205129,56.0,Coming Soon,7,ASHBURN,SPANISH,0.12,0.04,0.104,0.117,0.177,0.369,23482,37,0.0,0.0,39.699999999999996,0.0,-1.6000000000000014,0.8810572687224669,0.11894273127753303,0.09691629955947137,0.27312775330396477,0.6211453744493393,0.09691629955947137,0.0
609705,Neighborhood,248,Fully Accessible,Y,Y,N,Y,14.7,29.0,49.5,Level 2,Intensive Support,BELOW AVERAGE,FAR BELOW AVERAGE,WELL ORGANIZED,STRONG,STRONG,VERY STRONG,STRONG,STRONG,NEUTRAL,VERY STRONG,VERY STRONG,VERY STRONG,-1.0,8.0,93.9,34.1,Emerging,4,ROSELAND,SPANISH,0.0,0.025,0.198,0.203,0.16899999999999998,0.412,17949,52,34.199999999999996,-2.0,-3.0,4.400000000000006,-1.2999999999999998,0.9153225806451613,0.1532258064516129,0.008064516129032258,0.9798387096774194,0.012096774193548387,0.0,0.0
400051,Charter,655,No/unknown accessibility,Y,Y,N,Y,21.2,84.7,92.8,Level 1+,Not Applicable,FAR ABOVE AVERAGE,ABOVE AVERAGE,WELL ORGANIZED,STRONG,VERY STRONG,VERY STRONG,VERY STRONG,VERY STRONG,NEUTRAL,NOT ENOUGH DATA,NOT ENOUGH DATA,NOT ENOUGH DATA,3.7,71.0,89.6,75.7,Coming Soon,5,WEST TOWN,SPANISH,0.1,0.023,0.147,0.066,0.129,0.217,43198,10,0.0,0.0,0.09999999999999432,0.0,0.40000000000000013,0.8854961832061069,0.12061068702290076,0.08396946564885496,0.1251908396946565,0.8427480916030534,0.012213740458015267,0.007633587786259542
609694,Selective enrollment,972,Fully Accessible,N,Y,N,Y,16.9,58.3,84.6,Level 1,Good Standing,BELOW AVERAGE,BELOW AVERAGE,WELL ORGANIZED,VERY STRONG,STRONG,VERY STRONG,STRONG,VERY STRONG,WEAK,NEUTRAL,NEUTRAL,NEUTRAL,-0.9,24.0,98.5,71.0,Emerging,5,WEST ELSDON,SPANISH,0.31,0.111,0.156,0.16699999999999998,0.37,0.377,15754,69,5.699999999999999,22.0,-0.3999999999999915,4.3999999999999915,-0.3999999999999999,0.8796296296296297,0.03292181069958848,0.01646090534979424,0.01646090534979424,0.9393004115226338,0.0257201646090535,0.00720164609053498
609739,Neighborhood,1435,Generally accessible,Y,Y,N,Y,17.7,54.9,72.2,Level 1,Good Standing,AVERAGE,BELOW AVERAGE,WELL ORGANIZED,STRONG,STRONG,STRONG,NEUTRAL,NEUTRAL,WEAK,NOT ENOUGH DATA,NOT ENOUGH DATA,NOT ENOUGH DATA,-0.1,30.0,93.3,77.4,Coming Soon,1,EAST SIDE,SPANISH,0.26,0.068,0.192,0.121,0.319,0.428,17104,64,4.0,0.40000000000000036,-0.29999999999999716,4.900000000000006,0.09999999999999964,0.9038327526132404,0.1505226480836237,0.12822299651567945,0.0529616724738676,0.8766550522648083,0.05505226480836237,0.0020905923344947735
609761,Neighborhood,307,Fully Accessible,Y,N,N,Y,14.3,34.4,62.6,Level 2,Intensive Support,BELOW AVERAGE,FAR BELOW AVERAGE,WELL ORGANIZED,STRONG,NEUTRAL,STRONG,NEUTRAL,STRONG,WEAK,NOT ENOUGH DATA,NOT ENOUGH DATA,NOT ENOUGH DATA,-1.0,6.0,88.4,39.5,Emerging,3,PULLMAN,SPANISH,0.04,0.015,0.21600000000000005,0.228,0.131,0.386,20588,51,11.3,19.6,-2.0,3.700000000000003,-1.0999999999999996,0.9250814332247557,0.2768729641693811,0.0,0.9837133550488599,0.013029315960912053,0.0,0.0
609754,Military academy,313,Fully Accessible,Y,Y,N,Y,16.9,44.8,85.4,Level 1,Good Standing,AVERAGE,BELOW AVERAGE,MODERATELY ORGANIZED,NEUTRAL,NEUTRAL,NEUTRAL,NEUTRAL,NEUTRAL,WEAK,STRONG,STRONG,STRONG,-0.4,22.0,96.4,64.8,Coming Soon,6,DOUGLAS,CHINESE,0.03,0.018000000000000002,0.29600000000000004,0.182,0.14300000000000002,0.307,23791,47,33.1,-39.7,-3.0,4.5,1.3,0.9424920127795527,0.10223642172523961,0.054313099041533544,0.645367412140575,0.3258785942492013,0.01597444089456869,0.003194888178913738
609748,Citywide-Option,199,No/unknown accessibility,N,U,U,Y,17.467521367521364,5.1,1.7,Inability to Rate,Good Standing,NO DATA AVAILABLE,NO DATA AVAILABLE,ORGANIZED,VERY WEAK,NEUTRAL,STRONG,NEUTRAL,STRONG,WEAK,NOT ENOUGH DATA,NOT ENOUGH DATA,NOT ENOUGH DATA,-0.062280701754386,29.64957264957265,84.7205128205129,65.80608695652174,Coming Soon,2,SOUTH LAWNDALE,SPANISH,0.44,0.152,0.307,0.158,0.5479999999999999,0.338,10402,96,0.0,0.0,-5.400000000000006,3.6999999999999886,0.0,0.8743718592964824,0.2914572864321608,0.010050251256281407,0.7738693467336684,0.18090452261306533,0.03015075376884422,0.0
400057,Charter,954,Generally accessible,Y,Y,N,Y,22.2,88.0,83.3,Level 1+,Not Applicable,FAR ABOVE AVERAGE,ABOVE AVERAGE,WELL ORGANIZED,STRONG,VERY STRONG,VERY STRONG,STRONG,STRONG,NEUTRAL,NOT ENOUGH DATA,NOT ENOUGH DATA,NOT ENOUGH DATA,4.2,76.0,86.8,75.2,Coming Soon,7,NEAR WEST SIDE,SPANISH,0.02,0.038,0.206,0.107,0.096,0.222,44689,15,0.0,0.0,0.6999999999999886,0.0,1.9,0.8532494758909853,0.14779874213836477,0.08385744234800839,0.30922431865828093,0.6352201257861635,0.012578616352201259,0.033542976939203356
609722,Neighborhood,113,Generally accessible,Y,N,N,Y,14.1,35.9,57.9,Level 2,Intensive Support,FAR BELOW AVERAGE,FAR BELOW AVERAGE,PARTIALLY ORGANIZED,NEUTRAL,WEAK,NEUTRAL,NEUTRAL,NEUTRAL,VERY WEAK,NOT ENOUGH DATA,NOT ENOUGH DATA,NOT ENOUGH DATA,-1.8,5.0,72.1,32.0,Coming Soon,11,EAST GARFIELD PARK,SPANISH,0.0,0.08199999999999999,0.424,0.196,0.213,0.4320000000000001,12961,83,4.299999999999997,13.600000000000001,4.700000000000003,5.599999999999994,-5.899999999999999,0.9292035398230089,0.30973451327433627,0.008849557522123894,0.9734513274336283,0.02654867256637168,0.0,0.0
610547,Selective enrollment,651,No/unknown accessibility,Y,N,N,Y,17.9,64.2,71.0,Level 1,Good Standing,BELOW AVERAGE,BELOW AVERAGE,ORGANIZED,STRONG,NEUTRAL,VERY STRONG,NEUTRAL,NEUTRAL,WEAK,NOT ENOUGH DATA,NOT ENOUGH DATA,NOT ENOUGH DATA,-1.5,31.0,98.8,65.80608695652174,Coming Soon,0,SOUTH SHORE,SPANISH,0.01,0.028,0.311,0.2,0.14,0.35700000000000004,19398,55,4.6000000000000005,2.0999999999999996,-3.200000000000003,5.299999999999997,-1.3000000000000003,0.8725038402457758,0.0890937019969278,0.006144393241167435,0.9585253456221198,0.027649769585253458,0.0,0.0015360983102918587
609713,Neighborhood,852,Fully Accessible,Y,N,N,Y,15.7,47.7,53.6,Level 2,Intensive Support,BELOW AVERAGE,BELOW AVERAGE,NOT YET ORGANIZED,WEAK,WEAK,NEUTRAL,WEAK,NEUTRAL,VERY WEAK,NOT ENOUGH DATA,NOT ENOUGH DATA,NOT ENOUGH DATA,-0.9,13.0,86.3,50.5,Coming Soon,2,WOODLAWN,SPANISH,0.01,0.029,0.307,0.234,0.165,0.361,18672,58,-58.300000000000004,-12.2,-3.200000000000003,4.3999999999999915,0.20000000000000018,0.9424882629107981,0.1960093896713615,0.005868544600938967,0.9859154929577465,0.008215962441314555,0.0011737089201877935,0.0
610385,Small,238,Fully Accessible,Y,Y,N,Y,14.6,41.0,80.9,Level 2+,Good Standing,BELOW AVERAGE,FAR BELOW AVERAGE,WELL ORGANIZED,VERY STRONG,STRONG,STRONG,STRONG,VERY STRONG,WEAK,NOT ENOUGH DATA,NOT ENOUGH DATA,NOT ENOUGH DATA,-1.3,9.0,77.1,63.3,Coming Soon,2,SOUTH LAWNDALE,SPANISH,0.44,0.152,0.307,0.158,0.5479999999999999,0.338,10402,96,2.7,5.0,2.9000000000000057,4.0,-0.5,0.9327731092436975,0.28991596638655465,0.3025210084033613,0.11764705882352941,0.865546218487395,0.012605042016806723,0.0
609720,Selective enrollment,4447,Generally accessible,Y,N,N,N,25.6,85.0,95.9,Level 1+,Good Standing,ABOVE AVERAGE,FAR ABOVE AVERAGE,WELL ORGANIZED,VERY STRONG,STRONG,VERY STRONG,NEUTRAL,NEUTRAL,NEUTRAL,NOT ENOUGH DATA,NOT ENOUGH DATA,NOT ENOUGH DATA,1.4,96.0,97.7,91.3,Coming Soon,3,NORTH CENTER,SPANISH,0.04,0.003,0.075,0.052000000000000005,0.045,0.262,57123,6,-1.4,-29.2,0.10000000000000853,4.3999999999999915,0.19999999999999996,0.4926917022711941,0.044524398470879245,0.006071508882392624,0.07892961547110411,0.4076905779176973,0.3523723858781201,0.10546435799415337
400034,Charter,901,Generally accessible,Y,Y,N,Y,19.4,76.6,83.3,Level 1+,Not Applicable,FAR ABOVE AVERAGE,AVERAGE,WELL ORGANIZED,VERY STRONG,VERY STRONG,VERY STRONG,VERY STRONG,VERY STRONG,NEUTRAL,NOT ENOUGH DATA,NOT ENOUGH DATA,NOT ENOUGH DATA,1.7,49.0,93.2,79.7,Coming Soon,2,NORTH PARK,SPANISH,0.06,0.039,0.132,0.099,0.14400000000000002,0.39,26576,33,0.0,0.0,1.1000000000000085,0.0,1.2,0.802441731409545,0.23640399556048836,0.12652608213096558,0.06548279689234185,0.5360710321864595,0.20865704772475027,0.1564927857935627
610381,Small,322,Generally accessible,Y,N,N,Y,14.8,65.5,80.6,Level 2,Provisional Support,FAR BELOW AVERAGE,FAR BELOW AVERAGE,PARTIALLY ORGANIZED,STRONG,NOT ENOUGH DATA,NOT ENOUGH DATA,WEAK,WEAK,NOT ENOUGH DATA,NEUTRAL,NEUTRAL,NEUTRAL,-1.8,8.0,96.4,63.2,Coming Soon,4,GRAND BOULEVARD,SPANISH,0.01,0.033,0.293,0.243,0.159,0.395,23472,57,16.7,26.8,0.20000000000000284,5.099999999999994,-1.7,0.9658385093167702,0.17080745341614906,0.018633540372670808,0.9658385093167702,0.024844720496894408,0.0,0.006211180124223602
609676,Career academy,455,Generally accessible,N,N,N,Y,14.4,43.5,71.5,Level 2,Intensive Support,BELOW AVERAGE,FAR BELOW AVERAGE,WELL ORGANIZED,STRONG,NEUTRAL,STRONG,STRONG,STRONG,VERY WEAK,NOT ENOUGH DATA,NOT ENOUGH DATA,NOT ENOUGH DATA,-1.5,7.0,75.5,52.3,Coming Soon,5,DOUGLAS,CHINESE,0.03,0.018000000000000002,0.29600000000000004,0.182,0.14300000000000002,0.307,23791,47,92.4,-12.700000000000003,-4.700000000000003,4.699999999999989,4.4,0.9648351648351648,0.2725274725274725,0.01978021978021978,0.9648351648351648,0.03296703296703297,0.0,0.0
609733,Neighborhood,714,No/unknown accessibility,Y,Y,Y,Y,15.1,51.5,64.0,Level 2+,Provisional Support,AVERAGE,BELOW AVERAGE,WELL ORGANIZED,NEUTRAL,STRONG,STRONG,STRONG,NEUTRAL,WEAK,NOT ENOUGH DATA,NOT ENOUGH DATA,NOT ENOUGH DATA,-0.3,12.0,87.1,63.0,Coming Soon,3,ROGERS PARK,SPANISH,0.1,0.077,0.236,0.087,0.182,0.275,23939,39,2.1000000000000014,3.200000000000001,2.3999999999999915,4.6000000000000085,1.7999999999999998,0.8977591036414566,0.22549019607843138,0.4061624649859944,0.41456582633053224,0.3403361344537815,0.058823529411764705,0.16526610644257703
610383,Small,283,Fully Accessible,Y,Y,N,Y,15.6,56.6,87.5,Level 1,Good Standing,BELOW AVERAGE,BELOW AVERAGE,WELL ORGANIZED,VERY STRONG,STRONG,STRONG,STRONG,VERY STRONG,WEAK,NOT ENOUGH DATA,NOT ENOUGH DATA,NOT ENOUGH DATA,-1.1,13.0,96.7,71.1,Emerging,2,SOUTH LAWNDALE,SPANISH,0.44,0.152,0.307,0.158,0.5479999999999999,0.338,10402,96,4.700000000000001,0.3999999999999915,1.9000000000000057,6.200000000000003,2.6999999999999997,0.9611307420494699,0.19434628975265017,0.26501766784452296,0.10600706713780919,0.8833922261484098,0.007067137809187279,0.0
609740,Neighborhood,370,No/unknown accessibility,N,Y,N,Y,15.4,51.0,62.9,Level 2+,Provisional Support,BELOW AVERAGE,BELOW AVERAGE,WELL ORGANIZED,NEUTRAL,NEUTRAL,STRONG,STRONG,STRONG,WEAK,NOT ENOUGH DATA,NOT ENOUGH DATA,NOT ENOUGH DATA,-0.8,12.0,85.3,44.8,Coming Soon,5,WEST TOWN,SPANISH,0.1,0.023,0.147,0.066,0.129,0.217,43198,10,1.5999999999999996,3.5,-1.7999999999999972,4.799999999999997,2.4000000000000004,0.9054054054054054,0.2594594594594595,0.10810810810810811,0.5135135135135135,0.44054054054054054,0.032432432432432434,0.0
609759,Neighborhood,753,Fully Accessible,Y,Y,N,Y,15.4,43.3,83.5,Level 2+,Provisional Support,BELOW AVERAGE,BELOW AVERAGE,WELL ORGANIZED,VERY STRONG,NEUTRAL,STRONG,STRONG,VERY STRONG,WEAK,NOT ENOUGH DATA,NOT ENOUGH DATA,NOT ENOUGH DATA,-1.0,13.0,93.3,44.4,Established,2,WEST TOWN,SPANISH,0.1,0.023,0.147,0.066,0.129,0.217,43198,10,-15.799999999999997,3.8000000000000007,-0.7000000000000028,3.9000000000000057,2.5,0.9442231075697212,0.24435590969455512,0.09163346613545817,0.300132802124834,0.6719787516600265,0.01195219123505976,0.00398406374501992
400085,Charter,576,No/unknown accessibility,Y,U,U,Y,17.7,63.0,84.5,Level 1+,Not Applicable,ABOVE AVERAGE,BELOW AVERAGE,WELL ORGANIZED,STRONG,STRONG,STRONG,NEUTRAL,NEUTRAL,NEUTRAL,NOT ENOUGH DATA,NOT ENOUGH DATA,NOT ENOUGH DATA,0.6,29.0,91.1,72.0,Coming Soon,6,ARCHER HEIGHTS,SPANISH,0.32,0.085,0.141,0.165,0.359,0.392,16134,67,0.0,0.0,0.0,0.0,-0.40000000000000013,0.9409722222222222,0.1423611111111111,0.2152777777777778,0.005208333333333333,0.9670138888888888,0.017361111111111112,0.003472222222222222
609715,Neighborhood,1949,Fully Accessible,N,Y,N,Y,17.1,55.1,77.8,Level 2+,Good Standing,AVERAGE,BELOW AVERAGE,ORGANIZED,STRONG,NEUTRAL,NEUTRAL,NEUTRAL,NEUTRAL,VERY WEAK,NOT ENOUGH DATA,NOT ENOUGH DATA,NOT ENOUGH DATA,-0.2,27.0,74.4,70.2,Established,1,BRIGHTON PARK,SPANISH,0.38,0.14400000000000002,0.236,0.139,0.451,0.393,13089,84,3.9,10.3,1.0999999999999943,5.0,-0.7999999999999998,0.9409953822473063,0.1806054386865059,0.25756798358132377,0.03745510518214469,0.8034889687018985,0.01539250897896357,0.12365315546434069
609734,Neighborhood,3369,Generally accessible,N,Y,N,N,18.9,63.0,85.2,Level 1,Good Standing,AVERAGE,AVERAGE,WELL ORGANIZED,STRONG,NEUTRAL,STRONG,NEUTRAL,STRONG,WEAK,NOT ENOUGH DATA,NOT ENOUGH DATA,NOT ENOUGH DATA,-0.2,44.0,86.0,79.1,Coming Soon,3,NORWOOD PARK,POLISH,0.07,0.02,0.054000000000000006,0.09,0.115,0.395,32875,21,4.3999999999999995,3.3,0.0,4.3999999999999915,4.2,0.5411101216978332,0.11694864945087563,0.05936479667557139,0.022855446720094985,0.39536954585930545,0.46274859008607894,0.07272187592757495
400036,Charter,672,Fully Accessible,N,Y,N,Y,18.8,68.0,50.0,Level 2+,Not Applicable,NO DATA AVAILABLE,AVERAGE,ORGANIZED,NEUTRAL,STRONG,NEUTRAL,NEUTRAL,NEUTRAL,STRONG,NOT ENOUGH DATA,NOT ENOUGH DATA,NOT ENOUGH DATA,-0.062280701754386,44.0,44.7,53.8,Coming Soon,6,NEAR WEST SIDE,SPANISH,0.02,0.038,0.206,0.107,0.096,0.222,44689,15,0.0,0.0,-1.0999999999999943,0.0,0.5999999999999996,0.7127976190476191,0.15476190476190477,0.05654761904761905,0.5505952380952381,0.21577380952380953,0.12946428571428573,0.052083333333333336
609741,Neighborhood,1778,No/unknown accessibility,Y,Y,N,Y,17.1,56.2,82.9,Level 1,Good Standing,BELOW AVERAGE,BELOW AVERAGE,WELL ORGANIZED,STRONG,NEUTRAL,STRONG,STRONG,VERY STRONG,WEAK,NOT ENOUGH DATA,NOT ENOUGH DATA,NOT ENOUGH DATA,-0.6,24.0,82.3,74.4,Coming Soon,3,WEST LAWN,SPANISH,0.3,0.058,0.149,0.096,0.336,0.396,16907,56,1.6000000000000005,-5.899999999999999,0.30000000000001137,4.799999999999997,-0.19999999999999973,0.9437570303712036,0.14679415073115862,0.14341957255343082,0.06749156355455568,0.905511811023622,0.020247469066366704,0.0022497187851518562
400052,Charter,1118,No/unknown accessibility,Y,Y,N,Y,17.9,84.2,88.1,Level 1,Not Applicable,ABOVE AVERAGE,BELOW AVERAGE,NOT ENOUGH DATA,NOT ENOUGH DATA,NOT ENOUGH DATA,NOT ENOUGH DATA,NOT ENOUGH DATA,NOT ENOUGH DATA,NOT ENOUGH DATA,NOT ENOUGH DATA,NOT ENOUGH DATA,NOT ENOUGH DATA,1.2,30.0,76.8,80.2,Coming Soon,3,GREATER GRAND CROSSING,SPANISH,0.0,0.036000000000000004,0.29600000000000004,0.23,0.165,0.41,17285,66,0.0,0.0,0.29999999999999716,0.0,0.6999999999999997,0.8667262969588551,0.16279069767441862,0.006261180679785331,0.9660107334525939,0.022361359570661897,0.0,0.0
610543,Neighborhood,1190,Fully Accessible,Y,Y,N,Y,18.4,62.2,80.5,Level 1+,Good Standing,AVERAGE,BELOW AVERAGE,WELL ORGANIZED,STRONG,STRONG,VERY STRONG,STRONG,VERY STRONG,NEUTRAL,NEUTRAL,NEUTRAL,STRONG,0.3,38.0,91.9,77.9,Coming Soon,3,GAGE PARK,SPANISH,0.45,0.158,0.234,0.182,0.515,0.388,12171,93,0.6000000000000001,-1.4999999999999982,-0.7000000000000028,4.299999999999997,0.7000000000000002,0.9478991596638655,0.10504201680672269,0.12773109243697478,0.047058823529411764,0.9378151260504202,0.007563025210084034,0.0
609783,Citywide-Option,208,No/unknown accessibility,N,U,U,Y,17.467521367521364,58.531092436974774,1.3,Inability to Rate,Good Standing,NO DATA AVAILABLE,NO DATA AVAILABLE,NOT YET ORGANIZED,VERY WEAK,WEAK,WEAK,WEAK,WEAK,WEAK,NOT ENOUGH DATA,NOT ENOUGH DATA,NOT ENOUGH DATA,-0.062280701754386,29.64957264957265,84.7205128205129,65.80608695652174,Coming Soon,5,NEAR WEST SIDE,SPANISH,0.02,0.038,0.206,0.107,0.096,0.222,44689,15,0.0,0.0,-0.09999999999999432,4.099999999999994,0.0,0.8701923076923077,0.3701923076923077,0.02403846153846154,0.8365384615384616,0.14423076923076922,0.014423076923076924,0.004807692307692308
609730,Neighborhood,1437,Generally accessible,Y,Y,N,Y,18.3,59.4,81.3,Level 1,Good Standing,AVERAGE,BELOW AVERAGE,ORGANIZED,NEUTRAL,NEUTRAL,STRONG,NEUTRAL,NEUTRAL,WEAK,NEUTRAL,NEUTRAL,NEUTRAL,-0.1,39.0,92.8,65.3,Emerging,5,EDGEWATER,SPANISH,0.05,0.041,0.182,0.092,0.097,0.238,33385,19,-1.7000000000000028,-12.700000000000001,1.7999999999999972,4.799999999999997,-0.20000000000000018,0.8037578288100209,0.13987473903966596,0.17188587334725122,0.25608907446068196,0.42240779401530965,0.11343075852470424,0.17397355601948503
609716,Neighborhood,445,Fully Accessible,Y,Y,N,Y,15.0,36.2,69.8,Level 2,Intensive Support,BELOW AVERAGE,BELOW AVERAGE,ORGANIZED,STRONG,WEAK,NEUTRAL,STRONG,STRONG,WEAK,NOT ENOUGH DATA,NOT ENOUGH DATA,NOT ENOUGH DATA,-0.9,11.0,75.3,56.1,Coming Soon,2,HERMOSA,SPANISH,0.38,0.069,0.205,0.131,0.416,0.364,15089,71,-1.3000000000000043,9.0,-0.5,4.3999999999999915,1.7999999999999998,0.9325842696629213,0.19775280898876405,0.32808988764044944,0.0696629213483146,0.903370786516854,0.015730337078651686,0.0
609762,Neighborhood,509,Generally accessible,Y,N,N,Y,14.7,40.4,74.4,Level 2,Intensive Support,BELOW AVERAGE,FAR BELOW AVERAGE,WELL ORGANIZED,VERY STRONG,NEUTRAL,STRONG,STRONG,VERY STRONG,WEAK,VERY STRONG,STRONG,STRONG,-1.4,7.0,90.5,63.9,Emerging,4,WASHINGTON HEIGHTS,SPANISH,0.0,0.011,0.16899999999999998,0.208,0.13699999999999998,0.426,19713,48,9.5,27.0,-3.8999999999999915,3.4000000000000057,1.9999999999999996,0.962671905697446,0.2337917485265226,0.0019646365422396855,0.9882121807465619,0.009823182711198428,0.0,0.0
610389,Neighborhood,276,Generally accessible,Y,Y,N,Y,14.2,45.3,39.0,Level 3,Intensive Support,FAR BELOW AVERAGE,FAR BELOW AVERAGE,WELL ORGANIZED,STRONG,NEUTRAL,STRONG,STRONG,STRONG,WEAK,NOT ENOUGH DATA,NOT ENOUGH DATA,NOT ENOUGH DATA,-2.5,6.0,53.3,45.1,Coming Soon,5,HUMBOLDT PARK,SPANISH,0.18,0.14800000000000002,0.339,0.173,0.354,0.38,13781,85,-1.1999999999999997,-0.2,2.6000000000000085,4.700000000000003,6.100000000000001,0.9528985507246377,0.21014492753623187,0.050724637681159424,0.8260869565217391,0.17028985507246377,0.0036231884057971015,0.0
609737,Magnet,1735,Generally accessible,N,N,N,Y,21.3,73.4,88.8,Level 1+,Good Standing,ABOVE AVERAGE,AVERAGE,WELL ORGANIZED,VERY STRONG,STRONG,STRONG,STRONG,VERY STRONG,NEUTRAL,NOT ENOUGH DATA,NOT ENOUGH DATA,NOT ENOUGH DATA,0.6,68.0,87.2,81.9,Coming Soon,3,NORTH PARK,SPANISH,0.06,0.039,0.132,0.099,0.14400000000000002,0.39,26576,33,-1.9000000000000004,11.0,-0.09999999999999432,4.5,-0.09999999999999998,0.7481268011527378,0.05994236311239193,0.02363112391930836,0.1106628242074928,0.5729106628242074,0.16195965417867436,0.12795389048991354
609723,Neighborhood,343,No/unknown accessibility,Y,N,N,Y,15.8,43.8,57.7,Level 2,Intensive Support,AVERAGE,BELOW AVERAGE,WELL ORGANIZED,VERY STRONG,STRONG,VERY STRONG,NEUTRAL,STRONG,NEUTRAL,VERY STRONG,STRONG,STRONG,-0.4,13.0,93.2,37.0,Coming Soon,8,EAST GARFIELD PARK,SPANISH,0.0,0.08199999999999999,0.424,0.196,0.213,0.4320000000000001,12961,83,10.0,-10.0,-2.8999999999999915,4.799999999999997,2.999999999999999,0.9766763848396501,0.27113702623906705,0.0,0.9795918367346939,0.014577259475218658,0.0,0.0
609732,Neighborhood,1281,No/unknown accessibility,Y,Y,N,Y,16.3,47.4,71.3,Level 2,Intensive Support,BELOW AVERAGE,BELOW AVERAGE,PARTIALLY ORGANIZED,NEUTRAL,NEUTRAL,NEUTRAL,WEAK,NEUTRAL,VERY WEAK,NOT ENOUGH DATA,NOT ENOUGH DATA,NOT ENOUGH DATA,-0.7,19.0,78.0,67.8,Coming Soon,4,BELMONT CRAGIN,SPANISH,0.33,0.108,0.187,0.146,0.373,0.373,15461,70,-0.5,-2.8999999999999995,2.3999999999999915,4.900000000000006,1.7000000000000002,0.8844652615144418,0.17486338797814208,0.17486338797814208,0.14988290398126464,0.7291178766588603,0.08508977361436378,0.02263856362217018
609674,Career academy,885,Generally accessible,Y,N,N,Y,15.6,34.4,72.6,Level 2+,Intensive Support,AVERAGE,BELOW AVERAGE,WELL ORGANIZED,STRONG,NEUTRAL,STRONG,STRONG,STRONG,VERY WEAK,NOT ENOUGH DATA,NOT ENOUGH DATA,NOT ENOUGH DATA,-0.4,11.0,92.0,44.2,Coming Soon,0,AVALON PARK,AFRICAN LANGUAGES,0.0,0.014,0.172,0.211,0.106,0.393,24454,41,-2.3000000000000007,-11.700000000000003,-0.7999999999999972,4.199999999999989,0.8999999999999999,0.9514124293785311,0.2903954802259887,0.012429378531073447,0.9694915254237289,0.021468926553672316,0.0011299435028248588,0.0
609718,Neighborhood,1686,Fully Accessible,N,Y,N,Y,18.1,59.5,68.8,Level 2+,Good Standing,AVERAGE,BELOW AVERAGE,ORGANIZED,STRONG,NEUTRAL,NEUTRAL,NEUTRAL,NEUTRAL,WEAK,NOT ENOUGH DATA,NOT ENOUGH DATA,NOT ENOUGH DATA,-0.2,35.0,83.3,72.2,Coming Soon,3,GARFIELD RIDGE,SPANISH,0.1,0.026,0.08800000000000001,0.113,0.193,0.381,26353,32,-3.3000000000000007,1.4000000000000057,-1.2000000000000028,4.799999999999997,-0.7000000000000002,0.736061684460261,0.1749703440094899,0.0634638196915777,0.03855278766310795,0.7295373665480427,0.20818505338078291,0.005931198102016607
609709,Neighborhood,330,No/unknown accessibility,N,Y,Y,Y,14.4,21.8,68.7,Level 2,Intensive Support,BELOW AVERAGE,FAR BELOW AVERAGE,PARTIALLY ORGANIZED,NEUTRAL,WEAK,NEUTRAL,NEUTRAL,NEUTRAL,VERY WEAK,NOT ENOUGH DATA,NOT ENOUGH DATA,NOT ENOUGH DATA,-0.8,8.0,83.1,60.0,Emerging,1,GAGE PARK,SPANISH,0.45,0.158,0.234,0.182,0.515,0.388,12171,93,10.5,10.9,-5.5,4.0,4.800000000000001,0.9545454545454546,0.2,0.22727272727272727,0.3878787878787879,0.6060606060606061,0.0030303030303030303,0.0
400035,Charter,584,Fully Accessible,Y,Y,N,Y,20.8,72.0,85.2,Level 1+,Not Applicable,FAR ABOVE AVERAGE,AVERAGE,WELL ORGANIZED,STRONG,STRONG,VERY STRONG,NEUTRAL,NEUTRAL,WEAK,NOT ENOUGH DATA,NOT ENOUGH DATA,NOT ENOUGH DATA,2.9,66.0,85.7,75.4,Coming Soon,4,ROGERS PARK,SPANISH,0.1,0.077,0.236,0.087,0.182,0.275,23939,39,0.0,0.0,0.5,0.0,0.0,0.9126712328767124,0.0976027397260274,0.1404109589041096,0.3082191780821918,0.5428082191780822,0.03424657534246575,0.09246575342465753
609725,Neighborhood,1282,Generally accessible,N,N,N,Y,17.3,66.8,79.6,Level 2+,Good Standing,BELOW AVERAGE,BELOW AVERAGE,ORGANIZED,STRONG,WEAK,STRONG,NEUTRAL,STRONG,VERY WEAK,NOT ENOUGH DATA,NOT ENOUGH DATA,NOT ENOUGH DATA,-1.0,25.0,83.0,76.7,Coming Soon,2,MORGAN PARK,SPANISH,0.01,0.008,0.132,0.15,0.108,0.403,27149,30,3.6000000000000014,16.199999999999996,-2.700000000000003,4.5,-0.7000000000000002,0.8728549141965679,0.10764430577223089,0.00234009360374415,0.9781591263650546,0.01014040561622465,0.0031201248049922,0.00078003120124805
610334,Small,379,Generally accessible,Y,N,N,Y,14.5,51.1,73.4,Level 2,Intensive Support,FAR BELOW AVERAGE,FAR BELOW AVERAGE,ORGANIZED,NEUTRAL,NEUTRAL,STRONG,NEUTRAL,NEUTRAL,WEAK,NOT ENOUGH DATA,NOT ENOUGH DATA,NOT ENOUGH DATA,-2.0,7.0,83.6,54.8,Established,3,EAST GARFIELD PARK,SPANISH,0.0,0.08199999999999999,0.424,0.196,0.213,0.4320000000000001,12961,83,5.699999999999996,-4.400000000000002,1.7000000000000028,4.700000000000003,0.5999999999999996,0.9868073878627969,0.2638522427440633,0.026385224274406333,0.9313984168865436,0.05804749340369393,0.005277044854881266,0.002638522427440633
610391,Selective enrollment,1331,Generally accessible,N,N,N,Y,22.9,83.6,89.2,Level 1+,Good Standing,FAR ABOVE AVERAGE,ABOVE AVERAGE,WELL ORGANIZED,VERY STRONG,VERY STRONG,VERY STRONG,NEUTRAL,STRONG,NEUTRAL,STRONG,NEUTRAL,STRONG,1.8,83.0,99.3,91.1,Coming Soon,7,WEST ENGLEWOOD,SPANISH,0.01,0.048,0.344,0.359,0.263,0.407,11317,89,-0.8,-38.900000000000006,0.09999999999999432,4.700000000000003,-1.0,0.6626596543951916,0.054094665664913597,0.014274981217129978,0.7069872276483846,0.24417731029301276,0.025544703230653644,0.009767092411720512
609727,Neighborhood,639,Generally accessible,Y,N,N,Y,15.2,55.4,57.9,Level 2,Intensive Support,BELOW AVERAGE,BELOW AVERAGE,MODERATELY ORGANIZED,WEAK,NEUTRAL,STRONG,NEUTRAL,NEUTRAL,WEAK,NOT ENOUGH DATA,NOT ENOUGH DATA,NOT ENOUGH DATA,-0.9,10.0,73.5,60.3,Coming Soon,6,DOUGLAS,CHINESE,0.03,0.018000000000000002,0.29600000000000004,0.182,0.14300000000000002,0.307,23791,47,56.0,-5.700000000000003,-5.5,4.900000000000006,-0.20000000000000107,0.9483568075117371,0.23161189358372458,0.006259780907668232,0.9827856025039123,0.012519561815336464,0.0,0.0
609708,Neighborhood,802,Generally accessible,N,Y,N,Y,15.3,44.6,65.2,Level 2,Intensive Support,BELOW AVERAGE,BELOW AVERAGE,WELL ORGANIZED,STRONG,NEUTRAL,STRONG,STRONG,STRONG,WEAK,NOT ENOUGH DATA,NOT ENOUGH DATA,NOT ENOUGH DATA,-0.6,12.0,68.7,64.3,Emerging,2,PORTAGE PARK,SPANISH,0.12,0.041,0.116,0.126,0.193,0.34,24336,35,13.5,12.899999999999999,-0.5,5.0,-1.0999999999999996,0.9351620947630923,0.22194513715710723,0.2543640897755611,0.22443890274314215,0.7369077306733167,0.02493765586034913,0.008728179551122194
610323,Small,293,Generally accessible,Y,Y,N,Y,14.6,49.4,63.7,Level 2+,Good Standing,BELOW AVERAGE,FAR BELOW AVERAGE,WELL ORGANIZED,STRONG,STRONG,VERY STRONG,STRONG,STRONG,WEAK,STRONG,STRONG,NEUTRAL,-0.8,7.0,92.4,44.1,Coming Soon,1,SOUTH CHICAGO,SPANISH,0.09,0.047,0.298,0.197,0.266,0.411,16579,75,21.599999999999994,2.700000000000001,1.2999999999999972,5.299999999999997,-0.20000000000000018,0.9249146757679181,0.3003412969283277,0.07167235494880546,0.7781569965870307,0.2150170648464164,0.0034129692832764505,0.0
609729,Neighborhood,1736,Generally accessible,N,Y,N,Y,16.4,50.1,72.5,Level 2+,Provisional Support,AVERAGE,BELOW AVERAGE,ORGANIZED,NEUTRAL,NEUTRAL,STRONG,NEUTRAL,NEUTRAL,WEAK,NOT ENOUGH DATA,NOT ENOUGH DATA,NOT ENOUGH DATA,-0.5,19.0,78.3,60.3,Coming Soon,2,IRVING PARK,SPANISH,0.19,0.063,0.131,0.1,0.224,0.316,27249,34,8.3,-3.700000000000003,1.2000000000000028,4.299999999999997,-0.10000000000000053,0.9210829493087558,0.20852534562211983,0.1860599078341014,0.10195852534562212,0.8150921658986175,0.05414746543778802,0.013248847926267281
610513,Military academy,262,Generally accessible,Y,N,N,Y,18.8,61.5,86.1,Level 1,Good Standing,ABOVE AVERAGE,AVERAGE,ORGANIZED,STRONG,NEUTRAL,NEUTRAL,NEUTRAL,NEUTRAL,WEAK,STRONG,NEUTRAL,NEUTRAL,0.6,40.0,80.2,61.1,Coming Soon,5,ARMOUR SQUARE,CHINESE,0.45,0.057,0.401,0.16699999999999998,0.345,0.383,16148,82,13.0,-3.5999999999999996,0.6999999999999886,5.0,-2.9999999999999996,0.9122137404580153,0.13358778625954199,0.026717557251908396,0.44274809160305345,0.40458015267175573,0.10687022900763359,0.026717557251908396
610384,Small,420,Fully Accessible,Y,Y,N,Y,18.8,58.5,94.2,Level 1+,Good Standing,ABOVE AVERAGE,AVERAGE,WELL ORGANIZED,STRONG,STRONG,STRONG,STRONG,VERY STRONG,WEAK,NOT ENOUGH DATA,NOT ENOUGH DATA,NOT ENOUGH DATA,1.2,44.0,95.0,71.7,Coming Soon,2,SOUTH LAWNDALE,SPANISH,0.44,0.152,0.307,0.158,0.5479999999999999,0.338,10402,96,1.4,19.0,-1.5,4.900000000000006,3.2,0.9595238095238096,0.12380952380952381,0.11666666666666667,0.007142857142857143,0.9833333333333333,0.007142857142857143,0.002380952380952381
610244,Magnet,548,Fully Accessible,Y,N,N,Y,16.3,54.1,85.8,Level 2+,Good Standing,BELOW AVERAGE,BELOW AVERAGE,ORGANIZED,NEUTRAL,NEUTRAL,STRONG,NEUTRAL,NEUTRAL,WEAK,NOT ENOUGH DATA,NOT ENOUGH DATA,NOT ENOUGH DATA,-1.1,16.0,91.2,61.2,Coming Soon,2,AUSTIN,SPANISH,0.03,0.063,0.28600000000000003,0.226,0.244,0.379,15957,73,5.299999999999997,-4.6000000000000085,-1.6000000000000085,5.900000000000006,1.5,0.9343065693430657,0.12226277372262774,0.010948905109489052,0.9744525547445255,0.023722627737226276,0.0,0.0
609749,Selective enrollment,1062,Fully Accessible,N,N,N,N,29.5,93.4,97.8,Level 1+,Good Standing,FAR ABOVE AVERAGE,FAR ABOVE AVERAGE,WELL ORGANIZED,VERY STRONG,VERY STRONG,VERY STRONG,STRONG,VERY STRONG,STRONG,NOT ENOUGH DATA,NOT ENOUGH DATA,NOT ENOUGH DATA,1.9,99.0,99.3,97.4,Coming Soon,6,NORTH PARK,SPANISH,0.06,0.039,0.132,0.099,0.14400000000000002,0.39,26576,33,-0.5,-1.9000000000000004,0.9000000000000057,4.799999999999997,0.30000000000000004,0.4425612052730697,0.05743879472693032,0.006591337099811676,0.07344632768361582,0.2975517890772128,0.2928436911487759,0.1967984934086629
609753,Magnet,723,Generally accessible,N,Y,N,N,20.2,79.8,74.7,Level 1+,Good Standing,ABOVE AVERAGE,AVERAGE,WELL ORGANIZED,VERY STRONG,STRONG,STRONG,STRONG,STRONG,NEUTRAL,NEUTRAL,WEAK,STRONG,0.8,56.0,92.8,80.2,Coming Soon,2,MOUNT GREENWOOD,SPANISH,0.01,0.01,0.034,0.087,0.043,0.368,34381,16,-1.2999999999999998,3.400000000000002,0.29999999999999716,4.3999999999999915,-0.10000000000000009,0.44951590594744123,0.1825726141078838,0.011065006915629323,0.4107883817427386,0.18118948824343015,0.36929460580912865,0.0027662517289073307
609760,Military academy,479,Generally accessible,Y,N,N,Y,18.0,45.7,91.0,Level 1,Good Standing,AVERAGE,BELOW AVERAGE,WELL ORGANIZED,STRONG,STRONG,STRONG,NEUTRAL,NEUTRAL,NEUTRAL,STRONG,NEUTRAL,NEUTRAL,0.0,31.0,96.6,57.8,Coming Soon,2,RIVERDALE,SPANISH,0.01,0.058,0.565,0.34600000000000003,0.275,0.515,8201,98,-2.5,-9.3,0.10000000000000853,5.299999999999997,1.2000000000000002,0.9248434237995825,0.054279749478079335,0.037578288100208766,0.40083507306889354,0.5866388308977035,0.006263048016701462,0.0
609693,Selective enrollment,1199,Fully Accessible,N,N,N,Y,20.7,76.7,97.6,Level 1+,Good Standing,ABOVE AVERAGE,AVERAGE,WELL ORGANIZED,VERY STRONG,VERY STRONG,VERY STRONG,VERY STRONG,VERY STRONG,NEUTRAL,STRONG,NEUTRAL,STRONG,0.5,62.0,95.0,81.4,Coming Soon,7,HUMBOLDT PARK,SPANISH,0.18,0.14800000000000002,0.339,0.173,0.354,0.38,13781,85,2.3,-3.200000000000003,-0.7999999999999972,4.5,0.29999999999999993,0.8181818181818182,0.06922435362802336,0.014178482068390326,0.5379482902418682,0.3894912427022519,0.020850708924103418,0.040033361134278564
400022,Contract,621,Generally accessible,N,N,N,N,19.4,79.6,81.1,Level 1+,Good Standing,AVERAGE,AVERAGE,WELL ORGANIZED,NEUTRAL,STRONG,VERY STRONG,NEUTRAL,STRONG,NEUTRAL,NOT ENOUGH DATA,NOT ENOUGH DATA,NOT ENOUGH DATA,-0.2,48.0,93.0,82.4,Coming Soon,3,WEST TOWN,SPANISH,0.1,0.023,0.147,0.066,0.129,0.217,43198,10,0.1999999999999993,-9.099999999999994,0.20000000000000284,0.0,2.1,0.534621578099839,0.061191626409017714,0.008051529790660225,0.3832528180354267,0.3252818035426731,0.19162640901771336,0.024154589371980676
609680,Selective enrollment,1072,Fully Accessible,N,Y,N,N,29.6,87.7,95.3,Level 1+,Good Standing,FAR ABOVE AVERAGE,FAR ABOVE AVERAGE,WELL ORGANIZED,VERY STRONG,VERY STRONG,VERY STRONG,STRONG,STRONG,STRONG,NOT ENOUGH DATA,NOT ENOUGH DATA,NOT ENOUGH DATA,2.6,99.0,99.6,96.5,Coming Soon,3,NEAR NORTH SIDE,SPANISH,0.01,0.019,0.129,0.07,0.025,0.226,88669,1,-1.5,-5.0,0.0,4.5,-0.29999999999999993,0.32276119402985076,0.04477611940298507,0.007462686567164179,0.11007462686567164,0.21921641791044777,0.4337686567164179,0.1791044776119403
610392,Small,351,Fully Accessible,Y,Y,N,Y,17.5,57.8,77.9,Level 1,Good Standing,AVERAGE,BELOW AVERAGE,WELL ORGANIZED,VERY STRONG,STRONG,STRONG,VERY STRONG,VERY STRONG,WEAK,NOT ENOUGH DATA,NOT ENOUGH DATA,NOT ENOUGH DATA,0.3,27.0,86.6,61.1,Coming Soon,2,SOUTH LAWNDALE,SPANISH,0.44,0.152,0.307,0.158,0.5479999999999999,0.338,10402,96,1.0,4.700000000000001,-0.5999999999999943,5.400000000000006,1.0,0.9601139601139601,0.15384615384615385,0.2535612535612536,0.06552706552706553,0.9088319088319088,0.008547008547008548,0.0
609678,Selective enrollment,1866,Generally accessible,N,N,N,N,26.2,87.3,91.8,Level 1+,Good Standing,FAR ABOVE AVERAGE,FAR ABOVE AVERAGE,WELL ORGANIZED,VERY STRONG,VERY STRONG,VERY STRONG,NEUTRAL,NEUTRAL,STRONG,NOT ENOUGH DATA,NOT ENOUGH DATA,NOT ENOUGH DATA,1.7,97.0,99.1,94.0,Coming Soon,5,LOOP,CHINESE,0.02,0.015,0.147,0.057,0.031,0.135,65526,3,-0.5000000000000001,-19.4,0.5999999999999943,4.900000000000006,0.10000000000000009,0.39228295819935693,0.06752411575562701,0.009110396570203644,0.13879957127545553,0.2834941050375134,0.35852090032154343,0.1302250803858521
609719,Neighborhood,1387,Generally accessible,N,Y,N,Y,17.5,65.7,91.2,Level 1,Good Standing,BELOW AVERAGE,BELOW AVERAGE,ORGANIZED,NEUTRAL,NEUTRAL,STRONG,NEUTRAL,NEUTRAL,WEAK,NEUTRAL,WEAK,NEUTRAL,-0.7,27.0,84.1,70.4,Established,5,LAKE VIEW,SPANISH,0.02,0.011,0.114,0.047,0.026,0.17,60058,5,-23.3,-2.3999999999999986,1.1000000000000085,4.700000000000003,1.0,0.8089401586157173,0.1658255227108868,0.07354001441961067,0.09156452775775054,0.7065609228550829,0.13410237923576063,0.03749098774333093
400087,Charter,198,Generally accessible,Y,N,N,Y,15.7,61.4,66.7,Level 2+,Not Applicable,AVERAGE,BELOW AVERAGE,PARTIALLY ORGANIZED,NEUTRAL,WEAK,STRONG,WEAK,WEAK,VERY WEAK,NEUTRAL,NEUTRAL,WEAK,-0.4,12.0,84.5,81.8,Coming Soon,5,DOUGLAS,CHINESE,0.03,0.018000000000000002,0.29600000000000004,0.182,0.14300000000000002,0.307,23791,47,0.0,0.0,6.700000000000003,0.0,0.10000000000000053,0.9242424242424242,0.31313131313131315,0.0,0.9242424242424242,0.045454545454545456,0.020202020202020204,0.0
610380,Small,232,Generally accessible,Y,N,N,Y,17.1,74.7,83.5,Level 1,Good Standing,AVERAGE,BELOW AVERAGE,WELL ORGANIZED,STRONG,STRONG,VERY STRONG,VERY STRONG,STRONG,WEAK,STRONG,STRONG,NEUTRAL,-0.5,23.0,83.1,76.3,Coming Soon,5,GRAND BOULEVARD,SPANISH,0.01,0.033,0.293,0.243,0.159,0.395,23472,57,19.599999999999998,13.3,1.5,4.900000000000006,-0.5,0.9655172413793104,0.14224137931034483,0.004310344827586207,0.9741379310344828,0.017241379310344827,0.004310344827586207,0.0
609750,Citywide-Option,38,No/unknown accessibility,N,U,U,Y,16.7,58.531092436974774,21.4,Level 2,Provisional Support,NO DATA AVAILABLE,BELOW AVERAGE,WELL ORGANIZED,STRONG,STRONG,VERY STRONG,STRONG,VERY STRONG,STRONG,NOT ENOUGH DATA,NOT ENOUGH DATA,NOT ENOUGH DATA,-0.062280701754386,19.0,84.7205128205129,65.80608695652174,Coming Soon,5,NEAR WEST SIDE,SPANISH,0.02,0.038,0.206,0.107,0.096,0.222,44689,15,2.5999999999999996,-28.599999999999994,-2.1999999999999957,4.099999999999994,-7.699999999999999,0.9736842105263158,0.15789473684210525,0.05263157894736842,0.7368421052631579,0.21052631578947367,0.05263157894736842,0.0
400053,Charter,670,Generally accessible,Y,Y,N,Y,19.5,80.5,81.7,Level 1+,Not Applicable,FAR ABOVE AVERAGE,AVERAGE,WELL ORGANIZED,STRONG,STRONG,VERY STRONG,WEAK,STRONG,WEAK,NOT ENOUGH DATA,NOT ENOUGH DATA,NOT ENOUGH DATA,2.5,50.0,87.7,73.2,Coming Soon,7,WEST TOWN,SPANISH,0.1,0.023,0.147,0.066,0.129,0.217,43198,10,0.0,0.0,1.0,0.0,1.0999999999999999,0.8985074626865671,0.15522388059701492,0.11194029850746269,0.15223880597014924,0.8044776119402985,0.01791044776119403,0.004477611940298508
400062,Charter,329,Generally accessible,Y,Y,N,Y,16.5,75.7,73.1,Level 1+,Not Applicable,ABOVE AVERAGE,BELOW AVERAGE,MODERATELY ORGANIZED,NEUTRAL,WEAK,STRONG,NEUTRAL,NEUTRAL,VERY WEAK,NOT ENOUGH DATA,NOT ENOUGH DATA,NOT ENOUGH DATA,0.5,18.0,91.6,66.7,Coming Soon,5,AUBURN GRESHAM,SPANISH,0.0,0.04,0.276,0.28300000000000003,0.185,0.419,15528,74,0.0,0.0,2.3000000000000114,0.0,3.2,0.8996960486322189,0.19756838905775076,0.00303951367781155,0.9756838905775076,0.0182370820668693,0.0,0.0
610357,Neighborhood,127,No/unknown accessibility,Y,Y,N,Y,15.7,47.2,91.2,Level 2+,Good Standing,BELOW AVERAGE,BELOW AVERAGE,WELL ORGANIZED,STRONG,NEUTRAL,STRONG,STRONG,VERY STRONG,WEAK,STRONG,VERY STRONG,STRONG,-1.2,15.0,87.8,72.7,Coming Soon,10,SOUTH LAWNDALE,SPANISH,0.44,0.152,0.307,0.158,0.5479999999999999,0.338,10402,96,11.500000000000002,14.700000000000003,-1.0,5.800000000000011,0.0,0.9606299212598425,0.2677165354330709,0.33858267716535434,0.007874015748031496,0.9763779527559056,0.007874015748031496,0.0
609707,Neighborhood,123,Generally accessible,Y,N,N,Y,13.2,46.4,39.4,Level 3,Intensive Support,FAR BELOW AVERAGE,FAR BELOW AVERAGE,WELL ORGANIZED,STRONG,NEUTRAL,VERY STRONG,NEUTRAL,STRONG,WEAK,NEUTRAL,WEAK,WEAK,-2.0,3.0,57.9,38.2,Coming Soon,6,ENGLEWOOD,SPANISH,0.0,0.038,0.466,0.28,0.285,0.425,11888,94,24.199999999999996,7.0,3.4000000000000057,3.299999999999997,3.8000000000000007,0.959349593495935,0.3170731707317073,0.0,0.975609756097561,0.008130081300813009,0.0,0.008130081300813009
400098,Charter,964,Generally accessible,Y,Y,N,Y,21.8,88.4,86.4,Level 1+,Not Applicable,FAR ABOVE AVERAGE,ABOVE AVERAGE,WELL ORGANIZED,VERY STRONG,VERY STRONG,VERY STRONG,STRONG,VERY STRONG,NEUTRAL,NOT ENOUGH DATA,NOT ENOUGH DATA,NOT ENOUGH DATA,3.4,74.0,95.0,82.2,Coming Soon,5,LOOP,CHINESE,0.02,0.015,0.147,0.057,0.031,0.135,65526,3,0.0,0.0,-0.6000000000000085,0.0,1.1,0.8340248962655602,0.11410788381742738,0.06846473029045644,0.27282157676348545,0.6701244813278008,0.006224066390041493,0.03941908713692946
610506,Small,94,Generally accessible,Y,N,N,Y,14.3,50.7,73.9,Level 2,Intensive Support,BELOW AVERAGE,FAR BELOW AVERAGE,PARTIALLY ORGANIZED,VERY WEAK,NEUTRAL,NEUTRAL,NEUTRAL,NEUTRAL,VERY WEAK,NOT ENOUGH DATA,NOT ENOUGH DATA,NOT ENOUGH DATA,-1.5,6.0,60.0,44.1,Coming Soon,5,ENGLEWOOD,SPANISH,0.0,0.038,0.466,0.28,0.285,0.425,11888,94,-35.199999999999996,-7.699999999999999,11.700000000000003,4.8999999999999915,-2.7,0.925531914893617,0.20212765957446807,0.0,0.9893617021276596,0.010638297872340425,0.0,0.0
400013,Charter,378,Fully Accessible,Y,Y,N,Y,14.9,29.5,67.9,Level 2+,Not Applicable,BELOW AVERAGE,BELOW AVERAGE,WELL ORGANIZED,VERY STRONG,STRONG,VERY STRONG,VERY STRONG,VERY STRONG,WEAK,NEUTRAL,STRONG,NEUTRAL,-1.2,10.0,88.6,73.3,Coming Soon,5,AVONDALE,SPANISH,0.32,0.06,0.153,0.092,0.247,0.31,20039,42,0.0,0.0,-3.200000000000003,0.0,4.3999999999999995,0.9470899470899471,0.25132275132275134,0.2724867724867725,0.031746031746031744,0.9259259259259259,0.013227513227513227,0.007936507936507936
609679,Career academy,1398,Generally accessible,N,Y,N,Y,18.1,66.4,88.2,Level 1+,Good Standing,AVERAGE,BELOW AVERAGE,WELL ORGANIZED,STRONG,NEUTRAL,STRONG,NEUTRAL,STRONG,WEAK,NOT ENOUGH DATA,NOT ENOUGH DATA,NOT ENOUGH DATA,-0.3,34.0,94.7,70.1,Established,4,BELMONT CRAGIN,SPANISH,0.33,0.108,0.187,0.146,0.373,0.373,15461,70,3.8000000000000007,-2.299999999999999,-0.5,4.5,1.5999999999999999,0.9413447782546495,0.12947067238912732,0.058655221745350504,0.18025751072961374,0.7875536480686696,0.019313304721030045,0.005007153075822604
610499,Small,256,Generally accessible,Y,N,N,Y,14.7,41.2,58.9,Level 3,Intensive Support,FAR BELOW AVERAGE,FAR BELOW AVERAGE,NOT YET ORGANIZED,VERY WEAK,WEAK,NEUTRAL,VERY WEAK,WEAK,VERY WEAK,NOT ENOUGH DATA,NOT ENOUGH DATA,NOT ENOUGH DATA,-2.0,7.0,69.7,29.6,Coming Soon,10,NORTH LAWNDALE,SPANISH,0.02,0.07400000000000001,0.431,0.212,0.276,0.4270000000000001,12034,87,-19.10000000000001,36.5,-1.2999999999999972,4.400000000000006,-0.20000000000000107,0.99609375,0.23046875,0.00390625,0.98046875,0.015625,0.0,0.0
400061,Charter,428,Generally accessible,Y,N,N,Y,16.8,53.2,75.2,Level 1,Not Applicable,ABOVE AVERAGE,BELOW AVERAGE,WELL ORGANIZED,STRONG,NEUTRAL,STRONG,STRONG,STRONG,VERY WEAK,STRONG,STRONG,NEUTRAL,0.6,20.0,90.7,72.5,Coming Soon,5,AUBURN GRESHAM,SPANISH,0.0,0.04,0.276,0.28300000000000003,0.185,0.419,15528,74,0.0,0.0,2.0,0.0,4.8,0.9485981308411215,0.17757009345794392,0.0,0.9742990654205608,0.011682242990654205,0.0,0.0
609751,Selective enrollment,598,Generally accessible,N,N,N,Y,20.6,82.1,89.4,Level 1+,Good Standing,AVERAGE,AVERAGE,PARTIALLY ORGANIZED,NEUTRAL,NEUTRAL,VERY STRONG,WEAK,WEAK,WEAK,NOT ENOUGH DATA,NOT ENOUGH DATA,NOT ENOUGH DATA,0.4,60.0,90.1,86.9,Coming Soon,3,KENWOOD,SPANISH,0.01,0.024,0.217,0.157,0.113,0.354,35911,26,2.6000000000000005,18.400000000000002,0.0,4.5,0.5,0.822742474916388,0.09197324414715718,0.02508361204013378,0.939799331103679,0.038461538461538464,0.0016722408026755853,0.010033444816053512
609766,Special Education,234,Generally accessible,N,U,U,Y,17.467521367521364,10.8,27.8,Inability to Rate,Good Standing,NO DATA AVAILABLE,NO DATA AVAILABLE,WELL ORGANIZED,VERY STRONG,NEUTRAL,STRONG,STRONG,STRONG,NEUTRAL,VERY STRONG,STRONG,STRONG,-0.062280701754386,29.64957264957265,95.2,65.80608695652174,Coming Soon,4,PORTAGE PARK,SPANISH,0.12,0.041,0.116,0.126,0.193,0.34,24336,35,-1.7000000000000002,44.7,1.2000000000000028,4.699999999999989,0.8999999999999999,0.7991452991452992,1.0,0.3504273504273504,0.21367521367521367,0.5555555555555556,0.20512820512820512,0.021367521367521368
400032,Charter,425,Generally accessible,Y,N,N,Y,16.3,64.3,78.6,Level 2+,Not Applicable,AVERAGE,BELOW AVERAGE,WELL ORGANIZED,STRONG,NEUTRAL,STRONG,STRONG,STRONG,WEAK,NOT ENOUGH DATA,NOT ENOUGH DATA,NOT ENOUGH DATA,-0.1,16.0,71.4,61.0,Coming Soon,5,AUBURN GRESHAM,SPANISH,0.0,0.04,0.276,0.28300000000000003,0.185,0.419,15528,74,0.0,0.0,4.599999999999994,0.0,0.0,0.92,0.18823529411764706,0.0,0.9811764705882353,0.007058823529411765,0.0,0.0
609768,Neighborhood,95,No/unknown accessibility,Y,N,N,Y,14.7,44.8,71.4,Level 2,Intensive Support,BELOW AVERAGE,FAR BELOW AVERAGE,WELL ORGANIZED,NEUTRAL,NEUTRAL,STRONG,STRONG,STRONG,WEAK,NOT ENOUGH DATA,NOT ENOUGH DATA,NOT ENOUGH DATA,-0.7,8.0,84.4,40.5,Coming Soon,6,ENGLEWOOD,SPANISH,0.0,0.038,0.466,0.28,0.285,0.425,11888,94,-7.700000000000001,-11.5,-1.9000000000000057,4.800000000000011,-1.5,0.9894736842105263,0.5157894736842106,0.11578947368421053,0.7894736842105263,0.16842105263157894,0.031578947368421054,0.0
400102,Charter,225,Generally accessible,Y,N,N,Y,16.6,74.6,64.1,Level 2,Not Applicable,AVERAGE,BELOW AVERAGE,PARTIALLY ORGANIZED,NEUTRAL,NEUTRAL,NEUTRAL,WEAK,NEUTRAL,VERY WEAK,VERY STRONG,STRONG,NEUTRAL,0.3,19.0,74.7,61.1,Coming Soon,7,NEAR WEST SIDE,SPANISH,0.02,0.038,0.206,0.107,0.096,0.222,44689,15,0.0,0.0,3.8999999999999915,0.0,-4.2,0.8755555555555555,0.26222222222222225,0.0,0.9777777777777777,0.013333333333333334,0.0,0.0
609695,Neighborhood,1223,Fully Accessible,Y,Y,Y,Y,18.2,54.4,82.8,Level 1,Good Standing,AVERAGE,BELOW AVERAGE,WELL ORGANIZED,STRONG,STRONG,STRONG,STRONG,VERY STRONG,NEUTRAL,NOT ENOUGH DATA,NOT ENOUGH DATA,NOT ENOUGH DATA,-0.1,35.0,94.4,72.0,Exemplary,5,LINCOLN SQUARE,SPANISH,0.08,0.034,0.109,0.08199999999999999,0.134,0.255,37524,17,3.299999999999999,-7.9,-1.2999999999999972,4.099999999999994,1.1,0.8143908421913328,0.1373671300081766,0.08503679476696648,0.11937857726901063,0.5952575633687653,0.12101390024529844,0.13327882256745707
400091,Contract,245,Fully Accessible,Y,Y,N,Y,15.6,60.0,69.5,Level 2,Intensive Support,BELOW AVERAGE,BELOW AVERAGE,ORGANIZED,WEAK,NEUTRAL,STRONG,NEUTRAL,STRONG,WEAK,NOT ENOUGH DATA,NOT ENOUGH DATA,NOT ENOUGH DATA,-1.0,12.0,76.6,46.2,Coming Soon,9,NEAR WEST SIDE,SPANISH,0.02,0.038,0.206,0.107,0.096,0.222,44689,15,-0.29999999999999716,13.600000000000009,-0.5,0.0,0.0,0.9061224489795918,0.24897959183673468,0.012244897959183673,0.7714285714285715,0.1836734693877551,0.0326530612244898,0.00816326530612245
609710,Neighborhood,387,Generally accessible,N,N,N,Y,15.2,48.0,54.6,Level 3,Intensive Support,BELOW AVERAGE,BELOW AVERAGE,NOT YET ORGANIZED,WEAK,WEAK,STRONG,WEAK,WEAK,VERY WEAK,NOT ENOUGH DATA,NOT ENOUGH DATA,NOT ENOUGH DATA,-1.3,10.0,58.1,49.6,Coming Soon,4,ROSELAND,SPANISH,0.0,0.025,0.198,0.203,0.16899999999999998,0.412,17949,52,-35.7,0.8000000000000007,-3.700000000000003,4.200000000000003,-0.8000000000000007,0.9431524547803618,0.2739018087855297,0.0,0.9896640826873385,0.002583979328165375,0.002583979328165375,0.0
609735,Neighborhood,239,Generally accessible,Y,Y,N,Y,14.5,31.7,50.0,Level 2,Intensive Support,BELOW AVERAGE,FAR BELOW AVERAGE,ORGANIZED,WEAK,NEUTRAL,STRONG,STRONG,STRONG,WEAK,STRONG,STRONG,STRONG,-1.1,7.0,70.8,34.4,Coming Soon,6,NEW CITY,SPANISH,0.27,0.119,0.29,0.23,0.415,0.389,12765,91,8.599999999999994,-23.000000000000007,0.20000000000000284,5.199999999999989,2.0999999999999996,0.9414225941422594,0.3514644351464435,0.07531380753138076,0.5564853556485355,0.3179916317991632,0.08786610878661087,0.0041841004184100415
400059,Charter,351,Generally accessible,Y,Y,N,Y,14.5,63.2,69.7,Level 2,Not Applicable,FAR BELOW AVERAGE,FAR BELOW AVERAGE,ORGANIZED,NEUTRAL,NEUTRAL,STRONG,NEUTRAL,NEUTRAL,WEAK,VERY STRONG,STRONG,NEUTRAL,-1.7,7.0,83.1,51.7,Coming Soon,11,NORTH LAWNDALE,SPANISH,0.02,0.07400000000000001,0.431,0.212,0.276,0.4270000000000001,12034,87,0.0,0.0,-0.5,0.0,-0.10000000000000009,0.9686609686609686,0.17663817663817663,0.0,0.9914529914529915,0.005698005698005698,0.0,0.0
609682,Neighborhood,218,Generally accessible,Y,Y,N,Y,14.6,47.4,71.7,Level 2,Intensive Support,FAR BELOW AVERAGE,FAR BELOW AVERAGE,PARTIALLY ORGANIZED,WEAK,NEUTRAL,NEUTRAL,WEAK,NEUTRAL,VERY WEAK,NOT ENOUGH DATA,NOT ENOUGH DATA,NOT ENOUGH DATA,-1.9,7.0,71.4,36.7,Emerging,6,NEW CITY,SPANISH,0.27,0.119,0.29,0.23,0.415,0.389,12765,91,-22.699999999999996,-7.799999999999997,6.5,4.5,-1.5,0.8990825688073395,0.26605504587155965,0.2889908256880734,0.39908256880733944,0.591743119266055,0.009174311926605505,0.0
609711,Neighborhood,136,Generally accessible,Y,N,N,Y,14.6,31.9,62.1,Level 2,Intensive Support,BELOW AVERAGE,FAR BELOW AVERAGE,ORGANIZED,NEUTRAL,NEUTRAL,STRONG,NEUTRAL,STRONG,VERY WEAK,STRONG,STRONG,STRONG,-1.3,7.0,76.4,32.4,Coming Soon,6,WEST ENGLEWOOD,SPANISH,0.01,0.048,0.344,0.359,0.263,0.407,11317,89,-52.4,-29.4,-0.20000000000000284,4.5,-1.0,0.9926470588235294,0.29411764705882354,0.029411764705882353,0.9558823529411765,0.03676470588235294,0.0,0.0
400097,Charter,1146,Generally accessible,Y,N,N,Y,21.7,84.4,71.5,Level 1+,Not Applicable,FAR ABOVE AVERAGE,ABOVE AVERAGE,WELL ORGANIZED,NEUTRAL,VERY STRONG,VERY STRONG,STRONG,STRONG,NEUTRAL,NOT ENOUGH DATA,NOT ENOUGH DATA,NOT ENOUGH DATA,4.0,73.0,91.7,81.0,Coming Soon,6,NEAR WEST SIDE,SPANISH,0.02,0.038,0.206,0.107,0.096,0.222,44689,15,0.0,0.0,-1.1000000000000085,0.0,3.4999999999999996,0.881326352530541,0.14048865619546247,0.07853403141361257,0.32897033158813266,0.6570680628272252,0.0034904013961605585,0.005235602094240838
610304,Military academy,533,Generally accessible,Y,Y,N,Y,19.0,45.2,91.5,Level 1+,Good Standing,ABOVE AVERAGE,AVERAGE,WELL ORGANIZED,VERY STRONG,STRONG,VERY STRONG,STRONG,STRONG,WEAK,STRONG,STRONG,STRONG,0.6,43.0,94.9,65.5,Emerging,2,NEAR WEST SIDE,SPANISH,0.02,0.038,0.206,0.107,0.096,0.222,44689,15,-6.9,-14.199999999999996,0.29999999999999716,5.5,0.6000000000000001,0.9437148217636022,0.06191369606003752,0.04690431519699812,0.16885553470919323,0.801125703564728,0.005628517823639775,0.01125703564727955
610390,Military academy,556,Generally accessible,Y,N,N,Y,18.0,63.3,87.6,Level 1,Good Standing,BELOW AVERAGE,BELOW AVERAGE,ORGANIZED,NEUTRAL,STRONG,NEUTRAL,NEUTRAL,NEUTRAL,WEAK,NOT ENOUGH DATA,NOT ENOUGH DATA,NOT ENOUGH DATA,-0.7,32.0,95.8,67.1,Established,5,EDGEWATER,SPANISH,0.05,0.041,0.182,0.092,0.097,0.238,33385,19,-7.7,-27.6,0.20000000000000284,5.400000000000006,0.19999999999999996,0.8884892086330936,0.10431654676258993,0.052158273381294966,0.09352517985611511,0.7446043165467626,0.08273381294964029,0.05575539568345324
