School_ID,School_Type,Student_Count_Total,Student_Count_Low_Income,Student_Count_Special_Ed,Student_Count_English_Learners,Student_Count_Black,Student_Count_Hispanic,Student_Count_White,Student_Count_Asian,ADA_Accessible,Dress_Code,Bilingual_Services,Refugee_Services,Title_1_Eligible,Average_ACT_School,College_Enrollment_Rate_School,Graduation_Rate_School,Overall_Rating,Rating_Status,Student_Growth_Rating,Student_Attainment_Rating,Culture_Climate_Rating,School_Survey_Involved_Families,School_Survey_Supportive_Environment,School_Survey_Ambitious_Instruction,School_Survey_Effective_Leaders,School_Survey_Collaborative_Teachers,School_Survey_Safety,School_Survey_School_Community,School_Survey_Parent_Teacher_Partnership,School_Survey_Quality_Of_Facilities,Growth_ACT_Grade_11_Pct,Attainment_ACT_Grade_11_Pct,Freshmen_On_Track_School_Pct_Year_2,Graduation_5_Year_School_Pct_Year_2,College_Enrollment_School_Pct_Year_2,College_Persistence_School_Pct_Year_2,Supportive_School_Award,lib_cnt,Neighborhood Name,PRED_NON_ENG_LANG,PRED_NON_ENG_PERCENT,PERCENT OF HOUSING CROWDED,PERCENT HOUSEHOLDS BELOW POVERTY,PERCENT AGED 16+ UNEMPLOYED,PERCENT AGED 25+ WITHOUT HIGH SCHOOL DIPLOMA,PERCENT AGED UNDER 18 OR OVER 64,PER CAPITA INCOME ,HARDSHIP INDEX,Suspensions_Per_100_Students_Change,Misconducts_To_Suspensions_Change,Student_Attendance_Change,Teacher_Attendance_Change,One_Year_Dropout_Rate_Change
609764,Neighborhood,1739,1659,281,331,58,1644,12,5,Generally accessible,N,Y,Y,Y,16.5,50.6,80.9,Level 2+,Good Standing,BELOW AVERAGE,BELOW AVERAGE,MODERATELY ORGANIZED,NEUTRAL,NEUTRAL,NEUTRAL,WEAK,STRONG,WEAK,NEUTRAL,NEUTRAL,NEUTRAL,-1.0,19.0,81.5,80.9,50.6,64.4,Coming Soon,6,LOWER WEST SIDE,SPANISH,0.4,0.096,0.258,0.158,0.407,0.326,16444,76,2.5999999999999996,-0.10000000000000142,-0.29999999999999716,4.799999999999997,-0.39999999999999947
400054,Charter,992,936,106,120,30,945,9,1,Generally accessible,Y,N,N,Y,21.9,85.7,90.3,Level 1+,Not Applicable,FAR ABOVE AVERAGE,ABOVE AVERAGE,WELL ORGANIZED,STRONG,STRONG,VERY STRONG,NEUTRAL,VERY STRONG,WEAK,NOT ENOUGH DATA,NOT ENOUGH DATA,NOT ENOUGH DATA,3.8,74.0,87.6,90.3,85.7,70.8,Coming Soon,4,HERMOSA,SPANISH,0.38,0.069,0.205,0.131,0.416,0.364,15089,71,0.0,0.0,0.6000000000000085,0.0,-0.8000000000000003
609726,Selective enrollment,959,692,59,2,757,175,7,1,Fully Accessible,N,N,N,Y,22.5,85.1,93.4,Level 1+,Good Standing,ABOVE AVERAGE,ABOVE AVERAGE,WELL ORGANIZED,STRONG,STRONG,VERY STRONG,NEUTRAL,NEUTRAL,NEUTRAL,NOT ENOUGH DATA,NOT ENOUGH DATA,NOT ENOUGH DATA,0.6,80.0,94.4,93.4,85.1,88.0,Coming Soon,3,ROSELAND,SPANISH,0.0,0.025,0.198,0.203,0.16899999999999998,0.412,17949,52,-3.2,-5.9,0.0,4.700000000000003,-1.2000000000000002
400094,Charter,523,491,117,72,331,186,2,0,Generally accessible,Y,Y,N,Y,17.5,72.7,69.9,Level 1+,Not Applicable,FAR ABOVE AVERAGE,BELOW AVERAGE,ORGANIZED,STRONG,STRONG,STRONG,WEAK,NEUTRAL,WEAK,NOT ENOUGH DATA,NOT ENOUGH DATA,NOT ENOUGH DATA,1.9,28.0,91.6,69.9,72.7,69.4,Coming Soon,2,SOUTH CHICAGO,SPANISH,0.09,0.047,0.298,0.197,0.266,0.411,16579,75,0.0,0.0,-0.9000000000000057,0.0,0.6000000000000001
609755,Selective enrollment,2156,891,144,23,461,644,609,343,Generally accessible,N,Y,N,N,27.9,85.2,96.2,Level 1+,Good Standing,FAR ABOVE AVERAGE,FAR ABOVE AVERAGE,WELL ORGANIZED,VERY STRONG,VERY STRONG,VERY STRONG,STRONG,STRONG,STRONG,NOT ENOUGH DATA,NOT ENOUGH DATA,NOT ENOUGH DATA,1.8,99.0,97.9,96.2,85.2,93.4,Coming Soon,7,NEAR WEST SIDE,SPANISH,0.02,0.038,0.206,0.107,0.096,0.222,44689,15,0.5999999999999999,3.3999999999999986,-0.5999999999999943,4.700000000000003,0.6000000000000001
609756,Magnet,2924,2713,310,324,383,2377,64,76,Generally accessible,N,Y,N,Y,17.4,65.8,76.0,Level 2+,Good Standing,BELOW AVERAGE,BELOW AVERAGE,ORGANIZED,NEUTRAL,NEUTRAL,STRONG,NEUTRAL,STRONG,WEAK,NOT ENOUGH DATA,NOT ENOUGH DATA,NOT ENOUGH DATA,-1.1,27.0,71.7,76.0,65.8,74.7,Emerging,5,ARCHER HEIGHTS,SPANISH,0.32,0.085,0.141,0.165,0.359,0.392,16134,67,1.0999999999999996,-20.6,-0.3999999999999915,4.200000000000003,-0.7999999999999998
610518,Small,223,216,64,3,215,5,1,0,Generally accessible,N,Y,N,Y,14.6,40.0,70.9,Level 3,Intensive Support,BELOW AVERAGE,FAR BELOW AVERAGE,PARTIALLY ORGANIZED,NEUTRAL,WEAK,NEUTRAL,WEAK,NEUTRAL,VERY WEAK,NOT ENOUGH DATA,NOT ENOUGH DATA,NOT ENOUGH DATA,-0.9,7.0,55.6,70.9,40.0,47.6,Coming Soon,4,AUSTIN,SPANISH,0.03,0.063,0.28600000000000003,0.226,0.244,0.379,15957,73,-16.0,-2.8000000000000007,4.599999999999994,4.799999999999997,-3.4000000000000004
400077,Charter,635,533,104,2,620,8,0,0,Generally accessible,Y,N,N,Y,17.2,80.4,76.3,Level 1,Not Applicable,ABOVE AVERAGE,BELOW AVERAGE,WELL ORGANIZED,STRONG,NEUTRAL,VERY STRONG,STRONG,STRONG,VERY WEAK,NOT ENOUGH DATA,NOT ENOUGH DATA,NOT ENOUGH DATA,0.9,25.0,82.0,76.3,80.4,84.6,Coming Soon,2,WOODLAWN,SPANISH,0.01,0.029,0.307,0.234,0.165,0.361,18672,58,0.0,0.0,2.0,0.0,5.3999999999999995
400056,Charter,474,441,117,28,356,113,1,1,Fully Accessible,Y,Y,N,Y,18.5,76.9,82.4,Level 2+,Not Applicable,FAR ABOVE AVERAGE,BELOW AVERAGE,MODERATELY ORGANIZED,NEUTRAL,NEUTRAL,VERY STRONG,WEAK,NEUTRAL,VERY WEAK,NOT ENOUGH DATA,NOT ENOUGH DATA,NOT ENOUGH DATA,1.6,39.0,65.3,82.4,76.9,70.9,Coming Soon,3,HUMBOLDT PARK,SPANISH,0.18,0.14800000000000002,0.339,0.173,0.354,0.38,13781,85,0.0,0.0,0.6999999999999886,0.0,5.1
610394,Small,245,229,89,25,196,34,6,5,Generally accessible,N,Y,N,Y,15.6,65.4,74.3,Level 2+,Good Standing,BELOW AVERAGE,BELOW AVERAGE,WELL ORGANIZED,NEUTRAL,STRONG,STRONG,NEUTRAL,STRONG,WEAK,NOT ENOUGH DATA,NOT ENOUGH DATA,NOT ENOUGH DATA,-1.3,12.0,85.1,74.3,65.4,59.6,Coming Soon,4,UPTOWN,SPANISH,0.05,0.038,0.24,0.08900000000000001,0.118,0.222,35787,20,-8.600000000000001,-36.5,0.4000000000000057,3.0999999999999943,-3.1999999999999997
400058,Charter,357,349,65,0,355,1,1,0,Fully Accessible,Y,Y,N,Y,15.3,65.8,67.1,Level 1,Not Applicable,BELOW AVERAGE,BELOW AVERAGE,PARTIALLY ORGANIZED,WEAK,NEUTRAL,STRONG,WEAK,NEUTRAL,VERY WEAK,VERY STRONG,STRONG,VERY STRONG,-1.1,11.0,92.1,67.1,65.8,59.3,Coming Soon,8,NORTH LAWNDALE,SPANISH,0.02,0.07400000000000001,0.431,0.212,0.276,0.4270000000000001,12034,87,0.0,0.0,1.0999999999999943,0.0,0.19999999999999996
609692,Career academy,1339,1233,133,0,1323,12,1,0,Generally accessible,Y,N,N,Y,16.2,63.2,80.7,Level 1,Good Standing,BELOW AVERAGE,BELOW AVERAGE,ORGANIZED,NEUTRAL,NEUTRAL,STRONG,NEUTRAL,NEUTRAL,WEAK,NOT ENOUGH DATA,NOT ENOUGH DATA,NOT ENOUGH DATA,-1.4,16.0,81.7,80.7,63.2,77.1,Coming Soon,3,CHATHAM,SPANISH,0.0,0.033,0.278,0.24,0.145,0.403,18881,60,-5.800000000000001,-26.4,-0.5999999999999943,4.3999999999999915,0.8
610529,Neighborhood,880,481,93,33,323,288,198,41,Generally accessible,N,N,N,Y,19.7,72.6,83.6,Level 1,Good Standing,ABOVE AVERAGE,AVERAGE,WELL ORGANIZED,VERY STRONG,NEUTRAL,STRONG,NEUTRAL,STRONG,WEAK,NOT ENOUGH DATA,NOT ENOUGH DATA,NOT ENOUGH DATA,0.8,51.0,93.6,83.6,72.6,80.0,Coming Soon,8,WEST TOWN,SPANISH,0.1,0.023,0.147,0.066,0.129,0.217,43198,10,-1.3,9.100000000000001,-1.5,0.0,-0.9000000000000001
610340,Small,541,444,113,54,64,334,107,28,Fully Accessible,N,N,N,Y,18.5,80.4,85.4,Level 1,Good Standing,ABOVE AVERAGE,AVERAGE,PARTIALLY ORGANIZED,WEAK,STRONG,STRONG,VERY WEAK,WEAK,NEUTRAL,NOT ENOUGH DATA,NOT ENOUGH DATA,NOT ENOUGH DATA,0.7,40.0,83.0,85.4,80.4,64.9,Coming Soon,2,DUNNING,POLISH,0.15,0.052000000000000005,0.106,0.1,0.162,0.336,26282,28,2.8,22.2,-1.7000000000000028,5.400000000000006,1.9
609744,Special Education,230,194,230,76,52,116,46,10,Fully Accessible,N,Y,U,Y,17.467521367521364,0.0,3.1,Inability to Rate,Good Standing,NO DATA AVAILABLE,NO DATA AVAILABLE,WELL ORGANIZED,VERY STRONG,STRONG,VERY STRONG,NEUTRAL,STRONG,VERY STRONG,VERY STRONG,VERY STRONG,VERY STRONG,-0.062280701754386,29.64957264957265,100.0,3.1,0.0,65.80608695652174,Coming Soon,3,NORTH PARK,SPANISH,0.06,0.039,0.132,0.099,0.14400000000000002,0.39,26576,33,1.8,11.100000000000001,0.7000000000000028,4.799999999999997,0.0
609738,Neighborhood,2097,1139,170,55,447,729,589,245,Fully Accessible,N,Y,N,N,22.3,79.6,87.7,Level 1+,Good Standing,ABOVE AVERAGE,ABOVE AVERAGE,ORGANIZED,NOT ENOUGH DATA,NEUTRAL,STRONG,NOT ENOUGH DATA,NOT ENOUGH DATA,WEAK,NOT ENOUGH DATA,NOT ENOUGH DATA,NOT ENOUGH DATA,0.6,78.0,87.7,87.7,79.6,86.0,Coming Soon,3,LINCOLN PARK,SPANISH,0.01,0.008,0.123,0.051,0.036000000000000004,0.215,71551,2,-2.0,-28.700000000000003,-0.4000000000000057,4.5,0.0
609746,Neighborhood,1763,1060,109,16,1468,78,91,51,Generally accessible,N,Y,N,Y,19.2,78.3,84.6,Level 1+,Good Standing,ABOVE AVERAGE,AVERAGE,WELL ORGANIZED,VERY STRONG,STRONG,VERY STRONG,STRONG,STRONG,NEUTRAL,NOT ENOUGH DATA,NOT ENOUGH DATA,NOT ENOUGH DATA,0.6,45.0,94.2,84.6,78.3,77.2,Coming Soon,2,KENWOOD,SPANISH,0.01,0.024,0.217,0.157,0.113,0.354,35911,26,0.10000000000000142,-10.3,-1.5,5.099999999999994,0.10000000000000009
609712,Neighborhood,132,119,53,1,129,1,1,0,No/unknown accessibility,Y,N,N,Y,13.1,40.5,36.1,Level 3,Intensive Support,FAR BELOW AVERAGE,FAR BELOW AVERAGE,WELL ORGANIZED,STRONG,STRONG,VERY STRONG,STRONG,STRONG,NEUTRAL,NOT ENOUGH DATA,NOT ENOUGH DATA,NOT ENOUGH DATA,-1.7,3.0,83.3,36.1,40.5,64.3,Coming Soon,3,GREATER GRAND CROSSING,SPANISH,0.0,0.036000000000000004,0.29600000000000004,0.23,0.165,0.41,17285,66,-11.400000000000006,-16.2,-2.5,4.200000000000003,10.799999999999999
400010,Charter,314,302,67,22,259,49,4,0,Generally accessible,Y,Y,N,Y,15.2,56.3,68.8,Level 2,Not Applicable,BELOW AVERAGE,BELOW AVERAGE,WELL ORGANIZED,VERY STRONG,NEUTRAL,VERY STRONG,STRONG,VERY STRONG,VERY WEAK,NOT ENOUGH DATA,NOT ENOUGH DATA,NOT ENOUGH DATA,-0.9,10.0,40.0,68.8,56.3,63.2,Coming Soon,5,WASHINGTON PARK,SPANISH,0.01,0.056,0.421,0.28600000000000003,0.254,0.428,13785,88,0.0,0.0,0.5,0.0,-1.9
400033,Charter,1329,1221,230,9,1307,8,2,0,No/unknown accessibility,Y,N,N,Y,15.4,64.9,82.6,Level 2,Not Applicable,AVERAGE,BELOW AVERAGE,PARTIALLY ORGANIZED,NEUTRAL,WEAK,NEUTRAL,NEUTRAL,NEUTRAL,VERY WEAK,NEUTRAL,NEUTRAL,NEUTRAL,-0.1,11.0,80.4,82.6,64.9,67.2,Coming Soon,4,WASHINGTON HEIGHTS,SPANISH,0.0,0.011,0.16899999999999998,0.208,0.13699999999999998,0.426,19713,48,0.0,0.0,0.3999999999999915,0.0,0.5
609691,Neighborhood,954,902,158,182,153,777,11,5,Fully Accessible,N,Y,N,Y,15.9,42.6,74.3,Level 1,Good Standing,AVERAGE,BELOW AVERAGE,WELL ORGANIZED,STRONG,STRONG,STRONG,VERY STRONG,VERY STRONG,WEAK,NOT ENOUGH DATA,NOT ENOUGH DATA,NOT ENOUGH DATA,-0.5,16.0,91.4,74.3,42.6,61.5,Established,2,HUMBOLDT PARK,SPANISH,0.18,0.14800000000000002,0.339,0.173,0.354,0.38,13781,85,-0.3000000000000007,-3.1000000000000014,-1.3999999999999915,4.5,1.0999999999999996
609704,Neighborhood,731,703,166,206,60,658,4,0,No/unknown accessibility,Y,Y,N,Y,15.2,37.8,65.3,Level 2,Intensive Support,BELOW AVERAGE,BELOW AVERAGE,MODERATELY ORGANIZED,NEUTRAL,NEUTRAL,STRONG,WEAK,NEUTRAL,VERY WEAK,NOT ENOUGH DATA,NOT ENOUGH DATA,NOT ENOUGH DATA,-0.9,11.0,85.1,65.3,37.8,68.8,Established,7,SOUTH LAWNDALE,SPANISH,0.44,0.152,0.307,0.158,0.5479999999999999,0.338,10402,96,-4.0,2.5999999999999996,0.20000000000000284,4.700000000000003,0.6999999999999993
400106,Charter,807,772,168,9,785,16,0,1,No/unknown accessibility,Y,N,N,Y,18.2,81.3,77.4,Level 1,Not Applicable,FAR ABOVE AVERAGE,BELOW AVERAGE,WELL ORGANIZED,STRONG,STRONG,VERY STRONG,STRONG,STRONG,WEAK,NOT ENOUGH DATA,NOT ENOUGH DATA,NOT ENOUGH DATA,2.1,34.0,88.0,77.4,81.3,68.9,Coming Soon,3,ENGLEWOOD,SPANISH,0.0,0.038,0.466,0.28,0.285,0.425,11888,94,0.0,0.0,1.4000000000000057,0.0,4.1
610245,Neighborhood,103,101,31,2,100,3,0,0,Generally accessible,Y,Y,U,Y,13.6,20.7,56.3,Level 3,Intensive Support,FAR BELOW AVERAGE,FAR BELOW AVERAGE,WELL ORGANIZED,STRONG,STRONG,STRONG,STRONG,VERY STRONG,WEAK,NOT ENOUGH DATA,NOT ENOUGH DATA,NOT ENOUGH DATA,-2.0,4.0,77.8,56.3,20.7,36.8,Coming Soon,4,AUSTIN,SPANISH,0.03,0.063,0.28600000000000003,0.226,0.244,0.379,15957,73,-91.30000000000001,2.0,-0.10000000000000853,4.200000000000003,-5.4
609724,Neighborhood,1430,1206,173,370,169,513,272,439,Fully Accessible,N,Y,Y,Y,17.4,66.3,72.3,Level 1,Good Standing,AVERAGE,BELOW AVERAGE,WELL ORGANIZED,STRONG,STRONG,VERY STRONG,STRONG,VERY STRONG,WEAK,NOT ENOUGH DATA,NOT ENOUGH DATA,NOT ENOUGH DATA,-0.3,30.0,76.5,72.3,66.3,78.0,Coming Soon,7,WEST RIDGE,SPANISH,0.09,0.078,0.172,0.08800000000000001,0.208,0.385,23040,46,-1.2999999999999998,-6.899999999999999,1.0999999999999943,4.799999999999997,-2.3999999999999995
400064,Charter,388,335,75,8,337,39,2,4,Fully Accessible,Y,Y,N,Y,17.5,81.6,85.7,Level 1,Not Applicable,ABOVE AVERAGE,BELOW AVERAGE,PARTIALLY ORGANIZED,WEAK,NEUTRAL,NEUTRAL,NEUTRAL,NEUTRAL,WEAK,NOT ENOUGH DATA,NOT ENOUGH DATA,NOT ENOUGH DATA,0.6,26.0,96.3,85.7,81.6,80.6,Coming Soon,5,NEAR SOUTH SIDE,CHINESE,0.02,0.013,0.138,0.049,0.07400000000000001,0.218,59077,7,0.0,0.0,0.8999999999999915,0.0,1.8000000000000003
400055,Charter,634,522,88,79,106,498,14,3,Generally accessible,Y,Y,N,Y,20.9,77.2,85.6,Level 1+,Not Applicable,FAR ABOVE AVERAGE,AVERAGE,WELL ORGANIZED,NEUTRAL,STRONG,VERY STRONG,NEUTRAL,STRONG,NEUTRAL,NOT ENOUGH DATA,NOT ENOUGH DATA,NOT ENOUGH DATA,3.3,67.0,86.0,85.6,77.2,77.9,Coming Soon,6,WEST TOWN,SPANISH,0.1,0.023,0.147,0.066,0.129,0.217,43198,10,0.0,0.0,0.0,0.0,0.6000000000000001
400105,Charter,322,262,62,0,314,4,0,0,No/unknown accessibility,Y,N,N,Y,16.6,75.0,82.4,Level 1,Not Applicable,AVERAGE,BELOW AVERAGE,ORGANIZED,STRONG,NEUTRAL,STRONG,NEUTRAL,NEUTRAL,VERY WEAK,NEUTRAL,NEUTRAL,NEUTRAL,0.2,19.0,82.4,82.4,75.0,63.0,Coming Soon,3,DOUGLAS,CHINESE,0.03,0.018000000000000002,0.29600000000000004,0.182,0.14300000000000002,0.307,23791,47,0.0,0.0,-0.7000000000000028,0.0,1.0
400104,Charter,742,720,146,169,24,714,3,0,No/unknown accessibility,Y,Y,N,Y,16.7,56.4,82.8,Level 1,Not Applicable,AVERAGE,BELOW AVERAGE,ORGANIZED,NEUTRAL,STRONG,NEUTRAL,NEUTRAL,NEUTRAL,WEAK,NEUTRAL,NEUTRAL,NEUTRAL,-0.4,22.0,87.8,82.8,56.4,67.5,Coming Soon,3,LOWER WEST SIDE,SPANISH,0.4,0.096,0.258,0.158,0.407,0.326,16444,76,0.0,0.0,1.2999999999999972,0.0,0.8
609698,Neighborhood,780,710,194,76,393,372,4,1,Generally accessible,N,Y,N,Y,14.9,54.6,75.7,Level 2+,Provisional Support,FAR BELOW AVERAGE,FAR BELOW AVERAGE,ORGANIZED,STRONG,NEUTRAL,STRONG,NEUTRAL,NEUTRAL,WEAK,NEUTRAL,NEUTRAL,NEUTRAL,-1.6,9.0,92.9,75.7,54.6,57.1,Established,5,ASHBURN,SPANISH,0.12,0.04,0.104,0.117,0.177,0.369,23482,37,1.700000000000001,3.0,-0.9000000000000057,5.6000000000000085,0.3999999999999999
610524,Small,319,265,40,20,50,223,30,5,Fully Accessible,N,Y,N,N,17.6,59.6,87.1,Level 1+,Good Standing,BELOW AVERAGE,BELOW AVERAGE,WELL ORGANIZED,VERY STRONG,STRONG,STRONG,VERY STRONG,VERY STRONG,NEUTRAL,NOT ENOUGH DATA,NOT ENOUGH DATA,NOT ENOUGH DATA,-0.8,28.0,85.3,87.1,59.6,76.9,Coming Soon,4,NORTH CENTER,SPANISH,0.04,0.003,0.075,0.052000000000000005,0.045,0.262,57123,6,-2.0999999999999996,27.299999999999997,-0.20000000000000284,0.0,4.199999999999999
609728,Neighborhood,1094,1020,211,312,161,755,63,81,Generally accessible,Y,Y,Y,Y,15.5,38.0,66.9,Level 2,Intensive Support,BELOW AVERAGE,BELOW AVERAGE,PARTIALLY ORGANIZED,NEUTRAL,NEUTRAL,NEUTRAL,WEAK,NEUTRAL,VERY WEAK,NOT ENOUGH DATA,NOT ENOUGH DATA,NOT ENOUGH DATA,-0.7,14.0,71.4,66.9,38.0,64.3,Coming Soon,3,ALBANY PARK,SPANISH,0.29,0.113,0.192,0.1,0.329,0.32,21323,53,-7.400000000000002,7.899999999999999,1.6000000000000085,4.400000000000006,0.09999999999999964
400066,Charter,445,400,90,4,430,13,1,0,Generally accessible,Y,N,N,Y,17.3,62.3,78.1,Level 1,Not Applicable,ABOVE AVERAGE,BELOW AVERAGE,PARTIALLY ORGANIZED,NEUTRAL,NEUTRAL,STRONG,WEAK,WEAK,VERY WEAK,NOT ENOUGH DATA,NOT ENOUGH DATA,NOT ENOUGH DATA,0.5,24.0,95.8,78.1,62.3,67.5,Coming Soon,5,DOUGLAS,CHINESE,0.03,0.018000000000000002,0.29600000000000004,0.182,0.14300000000000002,0.307,23791,47,0.0,0.0,0.5,0.0,2.6999999999999997
400086,Charter,271,241,68,1,270,1,0,0,Generally accessible,Y,N,N,Y,16.7,67.1,71.3,Level 2+,Not Applicable,AVERAGE,BELOW AVERAGE,PARTIALLY ORGANIZED,NEUTRAL,NEUTRAL,NEUTRAL,WEAK,WEAK,VERY WEAK,NOT ENOUGH DATA,NOT ENOUGH DATA,NOT ENOUGH DATA,-0.1,19.0,67.3,71.3,67.1,76.9,Coming Soon,3,ENGLEWOOD,SPANISH,0.0,0.038,0.466,0.28,0.285,0.425,11888,94,0.0,0.0,2.3000000000000114,0.0,-0.2999999999999998
610557,Citywide-Option,227,200,27,22,62,141,22,0,No/unknown accessibility,N,U,U,Y,15.1,18.8,0.0,Level 2,Not Applicable,NO DATA AVAILABLE,BELOW AVERAGE,PARTIALLY ORGANIZED,NOT ENOUGH DATA,VERY STRONG,VERY WEAK,WEAK,NEUTRAL,STRONG,NOT ENOUGH DATA,NOT ENOUGH DATA,NOT ENOUGH DATA,-0.062280701754386,11.0,84.7205128205129,0.0,18.8,56.0,Coming Soon,7,ASHBURN,SPANISH,0.12,0.04,0.104,0.117,0.177,0.369,23482,37,0.0,0.0,39.699999999999996,0.0,-1.6000000000000014
609705,Neighborhood,248,227,38,2,243,3,0,0,Fully Accessible,Y,Y,N,Y,14.7,29.0,49.5,Level 2,Intensive Support,BELOW AVERAGE,FAR BELOW AVERAGE,WELL ORGANIZED,STRONG,STRONG,VERY STRONG,STRONG,STRONG,NEUTRAL,VERY STRONG,VERY STRONG,VERY STRONG,-1.0,8.0,93.9,49.5,29.0,34.1,Emerging,4,ROSELAND,SPANISH,0.0,0.025,0.198,0.203,0.16899999999999998,0.412,17949,52,34.199999999999996,-2.0,-3.0,4.400000000000006,-1.2999999999999998
400051,Charter,655,580,79,55,82,552,8,5,No/unknown accessibility,Y,Y,N,Y,21.2,84.7,92.8,Level 1+,Not Applicable,FAR ABOVE AVERAGE,ABOVE AVERAGE,WELL ORGANIZED,STRONG,VERY STRONG,VERY STRONG,VERY STRONG,VERY STRONG,NEUTRAL,NOT ENOUGH DATA,NOT ENOUGH DATA,NOT ENOUGH DATA,3.7,71.0,89.6,92.8,84.7,75.7,Coming Soon,5,WEST TOWN,SPANISH,0.1,0.023,0.147,0.066,0.129,0.217,43198,10,0.0,0.0,0.09999999999999432,0.0,0.40000000000000013
609694,Selective enrollment,972,855,32,16,16,913,25,7,Fully Accessible,N,Y,N,Y,16.9,58.3,84.6,Level 1,Good Standing,BELOW AVERAGE,BELOW AVERAGE,WELL ORGANIZED,VERY STRONG,STRONG,VERY STRONG,STRONG,VERY STRONG,WEAK,NEUTRAL,NEUTRAL,NEUTRAL,-0.9,24.0,98.5,84.6,58.3,71.0,Emerging,5,WEST ELSDON,SPANISH,0.31,0.111,0.156,0.16699999999999998,0.37,0.377,15754,69,5.699999999999999,22.0,-0.3999999999999915,4.3999999999999915,-0.3999999999999999
609739,Neighborhood,1435,1297,216,184,76,1258,79,3,Generally accessible,Y,Y,N,Y,17.7,54.9,72.2,Level 1,Good Standing,AVERAGE,BELOW AVERAGE,WELL ORGANIZED,STRONG,STRONG,STRONG,NEUTRAL,NEUTRAL,WEAK,NOT ENOUGH DATA,NOT ENOUGH DATA,NOT ENOUGH DATA,-0.1,30.0,93.3,72.2,54.9,77.4,Coming Soon,1,EAST SIDE,SPANISH,0.26,0.068,0.192,0.121,0.319,0.428,17104,64,4.0,0.40000000000000036,-0.29999999999999716,4.900000000000006,0.09999999999999964
609761,Neighborhood,307,284,85,0,302,4,0,0,Fully Accessible,Y,N,N,Y,14.3,34.4,62.6,Level 2,Intensive Support,BELOW AVERAGE,FAR BELOW AVERAGE,WELL ORGANIZED,STRONG,NEUTRAL,STRONG,NEUTRAL,STRONG,WEAK,NOT ENOUGH DATA,NOT ENOUGH DATA,NOT ENOUGH DATA,-1.0,6.0,88.4,62.6,34.4,39.5,Emerging,3,PULLMAN,SPANISH,0.04,0.015,0.21600000000000005,0.228,0.131,0.386,20588,51,11.3,19.6,-2.0,3.700000000000003,-1.0999999999999996
609754,Military academy,313,295,32,17,202,102,5,1,Fully Accessible,Y,Y,N,Y,16.9,44.8,85.4,Level 1,Good Standing,AVERAGE,BELOW AVERAGE,MODERATELY ORGANIZED,NEUTRAL,NEUTRAL,NEUTRAL,NEUTRAL,NEUTRAL,WEAK,STRONG,STRONG,STRONG,-0.4,22.0,96.4,85.4,44.8,64.8,Coming Soon,6,DOUGLAS,CHINESE,0.03,0.018000000000000002,0.29600000000000004,0.182,0.14300000000000002,0.307,23791,47,33.1,-39.7,-3.0,4.5,1.3
609748,Citywide-Option,199,174,58,2,154,36,6,0,No/unknown accessibility,N,U,U,Y,17.467521367521364,5.1,1.7,Inability to Rate,Good Standing,NO DATA AVAILABLE,NO DATA AVAILABLE,ORGANIZED,VERY WEAK,NEUTRAL,STRONG,NEUTRAL,STRONG,WEAK,NOT ENOUGH DATA,NOT ENOUGH DATA,NOT ENOUGH DATA,-0.062280701754386,29.64957264957265,84.7205128205129,1.7,5.1,65.80608695652174,Coming Soon,2,SOUTH LAWNDALE,SPANISH,0.44,0.152,0.307,0.158,0.5479999999999999,0.338,10402,96,0.0,0.0,-5.400000000000006,3.6999999999999886,0.0
400057,Charter,954,814,141,80,295,606,12,32,Generally accessible,Y,Y,N,Y,22.2,88.0,83.3,Level 1+,Not Applicable,FAR ABOVE AVERAGE,ABOVE AVERAGE,WELL ORGANIZED,STRONG,VERY STRONG,VERY STRONG,STRONG,STRONG,NEUTRAL,NOT ENOUGH DATA,NOT ENOUGH DATA,NOT ENOUGH DATA,4.2,76.0,86.8,83.3,88.0,75.2,Coming Soon,7,NEAR WEST SIDE,SPANISH,0.02,0.038,0.206,0.107,0.096,0.222,44689,15,0.0,0.0,0.6999999999999886,0.0,1.9
609722,Neighborhood,113,105,35,1,110,3,0,0,Generally accessible,Y,N,N,Y,14.1,35.9,57.9,Level 2,Intensive Support,FAR BELOW AVERAGE,FAR BELOW AVERAGE,PARTIALLY ORGANIZED,NEUTRAL,WEAK,NEUTRAL,NEUTRAL,NEUTRAL,VERY WEAK,NOT ENOUGH DATA,NOT ENOUGH DATA,NOT ENOUGH DATA,-1.8,5.0,72.1,57.9,35.9,32.0,Coming Soon,11,EAST GARFIELD PARK,SPANISH,0.0,0.08199999999999999,0.424,0.196,0.213,0.4320000000000001,12961,83,4.299999999999997,13.600000000000001,4.700000000000003,5.599999999999994,-5.899999999999999
610547,Selective enrollment,651,568,58,4,624,18,0,1,No/unknown accessibility,Y,N,N,Y,17.9,64.2,71.0,Level 1,Good Standing,BELOW AVERAGE,BELOW AVERAGE,ORGANIZED,STRONG,NEUTRAL,VERY STRONG,NEUTRAL,NEUTRAL,WEAK,NOT ENOUGH DATA,NOT ENOUGH DATA,NOT ENOUGH DATA,-1.5,31.0,98.8,71.0,64.2,65.80608695652174,Coming Soon,0,SOUTH SHORE,SPANISH,0.01,0.028,0.311,0.2,0.14,0.35700000000000004,19398,55,4.6000000000000005,2.0999999999999996,-3.200000000000003,5.299999999999997,-1.3000000000000003
609713,Neighborhood,852,803,167,5,840,7,1,0,Fully Accessible,Y,N,N,Y,15.7,47.7,53.6,Level 2,Intensive Support,BELOW AVERAGE,BELOW AVERAGE,NOT YET ORGANIZED,WEAK,WEAK,NEUTRAL,WEAK,NEUTRAL,VERY WEAK,NOT ENOUGH DATA,NOT ENOUGH DATA,NOT ENOUGH DATA,-0.9,13.0,86.3,53.6,47.7,50.5,Coming Soon,2,WOODLAWN,SPANISH,0.01,0.029,0.307,0.234,0.165,0.361,18672,58,-58.300000000000004,-12.2,-3.200000000000003,4.3999999999999915,0.20000000000000018
610385,Small,238,222,69,72,28,206,3,0,Fully Accessible,Y,Y,N,Y,14.6,41.0,80.9,Level 2+,Good Standing,BELOW AVERAGE,FAR BELOW AVERAGE,WELL ORGANIZED,VERY STRONG,STRONG,STRONG,STRONG,VERY STRONG,WEAK,NOT ENOUGH DATA,NOT ENOUGH DATA,NOT ENOUGH DATA,-1.3,9.0,77.1,80.9,41.0,63.3,Coming Soon,2,SOUTH LAWNDALE,SPANISH,0.44,0.152,0.307,0.158,0.5479999999999999,0.338,10402,96,2.7,5.0,2.9000000000000057,4.0,-0.5
609720,Selective enrollment,4447,2191,198,27,351,1813,1567,469,Generally accessible,Y,N,N,N,25.6,85.0,95.9,Level 1+,Good Standing,ABOVE AVERAGE,FAR ABOVE AVERAGE,WELL ORGANIZED,VERY STRONG,STRONG,VERY STRONG,NEUTRAL,NEUTRAL,NEUTRAL,NOT ENOUGH DATA,NOT ENOUGH DATA,NOT ENOUGH DATA,1.4,96.0,97.7,95.9,85.0,91.3,Coming Soon,3,NORTH CENTER,SPANISH,0.04,0.003,0.075,0.052000000000000005,0.045,0.262,57123,6,-1.4,-29.2,0.10000000000000853,4.3999999999999915,0.19999999999999996
400034,Charter,901,723,213,114,59,483,188,141,Generally accessible,Y,Y,N,Y,19.4,76.6,83.3,Level 1+,Not Applicable,FAR ABOVE AVERAGE,AVERAGE,WELL ORGANIZED,VERY STRONG,VERY STRONG,VERY STRONG,VERY STRONG,VERY STRONG,NEUTRAL,NOT ENOUGH DATA,NOT ENOUGH DATA,NOT ENOUGH DATA,1.7,49.0,93.2,83.3,76.6,79.7,Coming Soon,2,NORTH PARK,SPANISH,0.06,0.039,0.132,0.099,0.14400000000000002,0.39,26576,33,0.0,0.0,1.1000000000000085,0.0,1.2
610381,Small,322,311,55,6,311,8,0,2,Generally accessible,Y,N,N,Y,14.8,65.5,80.6,Level 2,Provisional Support,FAR BELOW AVERAGE,FAR BELOW AVERAGE,PARTIALLY ORGANIZED,STRONG,NOT ENOUGH DATA,NOT ENOUGH DATA,WEAK,WEAK,NOT ENOUGH DATA,NEUTRAL,NEUTRAL,NEUTRAL,-1.8,8.0,96.4,80.6,65.5,63.2,Coming Soon,4,GRAND BOULEVARD,SPANISH,0.01,0.033,0.293,0.243,0.159,0.395,23472,57,16.7,26.8,0.20000000000000284,5.099999999999994,-1.7
609676,Career academy,455,439,124,9,439,15,0,0,Generally accessible,N,N,N,Y,14.4,43.5,71.5,Level 2,Intensive Support,BELOW AVERAGE,FAR BELOW AVERAGE,WELL ORGANIZED,STRONG,NEUTRAL,STRONG,STRONG,STRONG,VERY WEAK,NOT ENOUGH DATA,NOT ENOUGH DATA,NOT ENOUGH DATA,-1.5,7.0,75.5,71.5,43.5,52.3,Coming Soon,5,DOUGLAS,CHINESE,0.03,0.018000000000000002,0.29600000000000004,0.182,0.14300000000000002,0.307,23791,47,92.4,-12.700000000000003,-4.700000000000003,4.699999999999989,4.4
609733,Neighborhood,714,641,161,290,296,243,42,118,No/unknown accessibility,Y,Y,Y,Y,15.1,51.5,64.0,Level 2+,Provisional Support,AVERAGE,BELOW AVERAGE,WELL ORGANIZED,NEUTRAL,STRONG,STRONG,STRONG,NEUTRAL,WEAK,NOT ENOUGH DATA,NOT ENOUGH DATA,NOT ENOUGH DATA,-0.3,12.0,87.1,64.0,51.5,63.0,Coming Soon,3,ROGERS PARK,SPANISH,0.1,0.077,0.236,0.087,0.182,0.275,23939,39,2.1000000000000014,3.200000000000001,2.3999999999999915,4.6000000000000085,1.7999999999999998
610383,Small,283,272,55,75,30,250,2,0,Fully Accessible,Y,Y,N,Y,15.6,56.6,87.5,Level 1,Good Standing,BELOW AVERAGE,BELOW AVERAGE,WELL ORGANIZED,VERY STRONG,STRONG,STRONG,STRONG,VERY STRONG,WEAK,NOT ENOUGH DATA,NOT ENOUGH DATA,NOT ENOUGH DATA,-1.1,13.0,96.7,87.5,56.6,71.1,Emerging,2,SOUTH LAWNDALE,SPANISH,0.44,0.152,0.307,0.158,0.5479999999999999,0.338,10402,96,4.700000000000001,0.3999999999999915,1.9000000000000057,6.200000000000003,2.6999999999999997
609740,Neighborhood,370,335,96,40,190,163,12,0,No/unknown accessibility,N,Y,N,Y,15.4,51.0,62.9,Level 2+,Provisional Support,BELOW AVERAGE,BELOW AVERAGE,WELL ORGANIZED,NEUTRAL,NEUTRAL,STRONG,STRONG,STRONG,WEAK,NOT ENOUGH DATA,NOT ENOUGH DATA,NOT ENOUGH DATA,-0.8,12.0,85.3,62.9,51.0,44.8,Coming Soon,5,WEST TOWN,SPANISH,0.1,0.023,0.147,0.066,0.129,0.217,43198,10,1.5999999999999996,3.5,-1.7999999999999972,4.799999999999997,2.4000000000000004
609759,Neighborhood,753,711,184,69,226,506,9,3,Fully Accessible,Y,Y,N,Y,15.4,43.3,83.5,Level 2+,Provisional Support,BELOW AVERAGE,BELOW AVERAGE,WELL ORGANIZED,VERY STRONG,NEUTRAL,STRONG,STRONG,VERY STRONG,WEAK,NOT ENOUGH DATA,NOT ENOUGH DATA,NOT ENOUGH DATA,-1.0,13.0,93.3,83.5,43.3,44.4,Established,2,WEST TOWN,SPANISH,0.1,0.023,0.147,0.066,0.129,0.217,43198,10,-15.799999999999997,3.8000000000000007,-0.7000000000000028,3.9000000000000057,2.5
400085,Charter,576,542,82,124,3,557,10,2,No/unknown accessibility,Y,U,U,Y,17.7,63.0,84.5,Level 1+,Not Applicable,ABOVE AVERAGE,BELOW AVERAGE,WELL ORGANIZED,STRONG,STRONG,STRONG,NEUTRAL,NEUTRAL,NEUTRAL,NOT ENOUGH DATA,NOT ENOUGH DATA,NOT ENOUGH DATA,0.6,29.0,91.1,84.5,63.0,72.0,Coming Soon,6,ARCHER HEIGHTS,SPANISH,0.32,0.085,0.141,0.165,0.359,0.392,16134,67,0.0,0.0,0.0,0.0,-0.40000000000000013
609715,Neighborhood,1949,1834,352,502,73,1566,30,241,Fully Accessible,N,Y,N,Y,17.1,55.1,77.8,Level 2+,Good Standing,AVERAGE,BELOW AVERAGE,ORGANIZED,STRONG,NEUTRAL,NEUTRAL,NEUTRAL,NEUTRAL,VERY WEAK,NOT ENOUGH DATA,NOT ENOUGH DATA,NOT ENOUGH DATA,-0.2,27.0,74.4,77.8,55.1,70.2,Established,1,BRIGHTON PARK,SPANISH,0.38,0.14400000000000002,0.236,0.139,0.451,0.393,13089,84,3.9,10.3,1.0999999999999943,5.0,-0.7999999999999998
609734,Neighborhood,3369,1823,394,200,77,1332,1559,245,Generally accessible,N,Y,N,N,18.9,63.0,85.2,Level 1,Good Standing,AVERAGE,AVERAGE,WELL ORGANIZED,STRONG,NEUTRAL,STRONG,NEUTRAL,STRONG,WEAK,NOT ENOUGH DATA,NOT ENOUGH DATA,NOT ENOUGH DATA,-0.2,44.0,86.0,85.2,63.0,79.1,Coming Soon,3,NORWOOD PARK,POLISH,0.07,0.02,0.054000000000000006,0.09,0.115,0.395,32875,21,4.3999999999999995,3.3,0.0,4.3999999999999915,4.2
400036,Charter,672,479,104,38,370,145,87,35,Fully Accessible,N,Y,N,Y,18.8,68.0,50.0,Level 2+,Not Applicable,NO DATA AVAILABLE,AVERAGE,ORGANIZED,NEUTRAL,STRONG,NEUTRAL,NEUTRAL,NEUTRAL,STRONG,NOT ENOUGH DATA,NOT ENOUGH DATA,NOT ENOUGH DATA,-0.062280701754386,44.0,44.7,50.0,68.0,53.8,Coming Soon,6,NEAR WEST SIDE,SPANISH,0.02,0.038,0.206,0.107,0.096,0.222,44689,15,0.0,0.0,-1.0999999999999943,0.0,0.5999999999999996
609741,Neighborhood,1778,1678,261,255,120,1610,36,4,No/unknown accessibility,Y,Y,N,Y,17.1,56.2,82.9,Level 1,Good Standing,BELOW AVERAGE,BELOW AVERAGE,WELL ORGANIZED,STRONG,NEUTRAL,STRONG,STRONG,VERY STRONG,WEAK,NOT ENOUGH DATA,NOT ENOUGH DATA,NOT ENOUGH DATA,-0.6,24.0,82.3,82.9,56.2,74.4,Coming Soon,3,WEST LAWN,SPANISH,0.3,0.058,0.149,0.096,0.336,0.396,16907,56,1.6000000000000005,-5.899999999999999,0.30000000000001137,4.799999999999997,-0.19999999999999973
400052,Charter,1118,969,182,7,1080,25,0,0,No/unknown accessibility,Y,Y,N,Y,17.9,84.2,88.1,Level 1,Not Applicable,ABOVE AVERAGE,BELOW AVERAGE,NOT ENOUGH DATA,NOT ENOUGH DATA,NOT ENOUGH DATA,NOT ENOUGH DATA,NOT ENOUGH DATA,NOT ENOUGH DATA,NOT ENOUGH DATA,NOT ENOUGH DATA,NOT ENOUGH DATA,NOT ENOUGH DATA,1.2,30.0,76.8,88.1,84.2,80.2,Coming Soon,3,GREATER GRAND CROSSING,SPANISH,0.0,0.036000000000000004,0.29600000000000004,0.23,0.165,0.41,17285,66,0.0,0.0,0.29999999999999716,0.0,0.6999999999999997
610543,Neighborhood,1190,1128,125,152,56,1116,9,0,Fully Accessible,Y,Y,N,Y,18.4,62.2,80.5,Level 1+,Good Standing,AVERAGE,BELOW AVERAGE,WELL ORGANIZED,STRONG,STRONG,VERY STRONG,STRONG,VERY STRONG,NEUTRAL,NEUTRAL,NEUTRAL,STRONG,0.3,38.0,91.9,80.5,62.2,77.9,Coming Soon,3,GAGE PARK,SPANISH,0.45,0.158,0.234,0.182,0.515,0.388,12171,93,0.6000000000000001,-1.4999999999999982,-0.7000000000000028,4.299999999999997,0.7000000000000002
609783,Citywide-Option,208,181,77,5,174,30,3,1,No/unknown accessibility,N,U,U,Y,17.467521367521364,58.531092436974774,1.3,Inability to Rate,Good Standing,NO DATA AVAILABLE,NO DATA AVAILABLE,NOT YET ORGANIZED,VERY WEAK,WEAK,WEAK,WEAK,WEAK,WEAK,NOT ENOUGH DATA,NOT ENOUGH DATA,NOT ENOUGH DATA,-0.062280701754386,29.64957264957265,84.7205128205129,1.3,58.531092436974774,65.80608695652174,Coming Soon,5,NEAR WEST SIDE,SPANISH,0.02,0.038,0.206,0.107,0.096,0.222,44689,15,0.0,0.0,-0.09999999999999432,4.099999999999994,0.0
609730,Neighborhood,1437,1155,201,247,368,607,163,250,Generally accessible,Y,Y,N,Y,18.3,59.4,81.3,Level 1,Good Standing,AVERAGE,BELOW AVERAGE,ORGANIZED,NEUTRAL,NEUTRAL,STRONG,NEUTRAL,NEUTRAL,WEAK,NEUTRAL,NEUTRAL,NEUTRAL,-0.1,39.0,92.8,81.3,59.4,65.3,Emerging,5,EDGEWATER,SPANISH,0.05,0.041,0.182,0.092,0.097,0.238,33385,19,-1.7000000000000028,-12.700000000000001,1.7999999999999972,4.799999999999997,-0.20000000000000018
609716,Neighborhood,445,415,88,146,31,402,7,0,Fully Accessible,Y,Y,N,Y,15.0,36.2,69.8,Level 2,Intensive Support,BELOW AVERAGE,BELOW AVERAGE,ORGANIZED,STRONG,WEAK,NEUTRAL,STRONG,STRONG,WEAK,NOT ENOUGH DATA,NOT ENOUGH DATA,NOT ENOUGH DATA,-0.9,11.0,75.3,69.8,36.2,56.1,Coming Soon,2,HERMOSA,SPANISH,0.38,0.069,0.205,0.131,0.416,0.364,15089,71,-1.3000000000000043,9.0,-0.5,4.3999999999999915,1.7999999999999998
609762,Neighborhood,509,490,119,1,503,5,0,0,Generally accessible,Y,N,N,Y,14.7,40.4,74.4,Level 2,Intensive Support,BELOW AVERAGE,FAR BELOW AVERAGE,WELL ORGANIZED,VERY STRONG,NEUTRAL,STRONG,STRONG,VERY STRONG,WEAK,VERY STRONG,STRONG,STRONG,-1.4,7.0,90.5,74.4,40.4,63.9,Emerging,4,WASHINGTON HEIGHTS,SPANISH,0.0,0.011,0.16899999999999998,0.208,0.13699999999999998,0.426,19713,48,9.5,27.0,-3.8999999999999915,3.4000000000000057,1.9999999999999996
610389,Neighborhood,276,263,58,14,228,47,1,0,Generally accessible,Y,Y,N,Y,14.2,45.3,39.0,Level 3,Intensive Support,FAR BELOW AVERAGE,FAR BELOW AVERAGE,WELL ORGANIZED,STRONG,NEUTRAL,STRONG,STRONG,STRONG,WEAK,NOT ENOUGH DATA,NOT ENOUGH DATA,NOT ENOUGH DATA,-2.5,6.0,53.3,39.0,45.3,45.1,Coming Soon,5,HUMBOLDT PARK,SPANISH,0.18,0.14800000000000002,0.339,0.173,0.354,0.38,13781,85,-1.1999999999999997,-0.2,2.6000000000000085,4.700000000000003,6.100000000000001
609737,Magnet,1735,1298,104,41,192,994,281,222,Generally accessible,N,N,N,Y,21.3,73.4,88.8,Level 1+,Good Standing,ABOVE AVERAGE,AVERAGE,WELL ORGANIZED,VERY STRONG,STRONG,STRONG,STRONG,VERY STRONG,NEUTRAL,NOT ENOUGH DATA,NOT ENOUGH DATA,NOT ENOUGH DATA,0.6,68.0,87.2,88.8,73.4,81.9,Coming Soon,3,NORTH PARK,SPANISH,0.06,0.039,0.132,0.099,0.14400000000000002,0.39,26576,33,-1.9000000000000004,11.0,-0.09999999999999432,4.5,-0.09999999999999998
609723,Neighborhood,343,335,93,0,336,5,0,0,No/unknown accessibility,Y,N,N,Y,15.8,43.8,57.7,Level 2,Intensive Support,AVERAGE,BELOW AVERAGE,WELL ORGANIZED,VERY STRONG,STRONG,VERY STRONG,NEUTRAL,STRONG,NEUTRAL,VERY STRONG,STRONG,STRONG,-0.4,13.0,93.2,57.7,43.8,37.0,Coming Soon,8,EAST GARFIELD PARK,SPANISH,0.0,0.08199999999999999,0.424,0.196,0.213,0.4320000000000001,12961,83,10.0,-10.0,-2.8999999999999915,4.799999999999997,2.999999999999999
609732,Neighborhood,1281,1133,224,224,192,934,109,29,No/unknown accessibility,Y,Y,N,Y,16.3,47.4,71.3,Level 2,Intensive Support,BELOW AVERAGE,BELOW AVERAGE,PARTIALLY ORGANIZED,NEUTRAL,NEUTRAL,NEUTRAL,WEAK,NEUTRAL,VERY WEAK,NOT ENOUGH DATA,NOT ENOUGH DATA,NOT ENOUGH DATA,-0.7,19.0,78.0,71.3,47.4,67.8,Coming Soon,4,BELMONT CRAGIN,SPANISH,0.33,0.108,0.187,0.146,0.373,0.373,15461,70,-0.5,-2.8999999999999995,2.3999999999999915,4.900000000000006,1.7000000000000002
609674,Career academy,885,842,257,11,858,19,1,0,Generally accessible,Y,N,N,Y,15.6,34.4,72.6,Level 2+,Intensive Support,AVERAGE,BELOW AVERAGE,WELL ORGANIZED,STRONG,NEUTRAL,STRONG,STRONG,STRONG,VERY WEAK,NOT ENOUGH DATA,NOT ENOUGH DATA,NOT ENOUGH DATA,-0.4,11.0,92.0,72.6,34.4,44.2,Coming Soon,0,AVALON PARK,AFRICAN LANGUAGES,0.0,0.014,0.172,0.211,0.106,0.393,24454,41,-2.3000000000000007,-11.700000000000003,-0.7999999999999972,4.199999999999989,0.8999999999999999
609718,Neighborhood,1686,1241,295,107,65,1230,351,10,Fully Accessible,N,Y,N,Y,18.1,59.5,68.8,Level 2+,Good Standing,AVERAGE,BELOW AVERAGE,ORGANIZED,STRONG,NEUTRAL,NEUTRAL,NEUTRAL,NEUTRAL,WEAK,NOT ENOUGH DATA,NOT ENOUGH DATA,NOT ENOUGH DATA,-0.2,35.0,83.3,68.8,59.5,72.2,Coming Soon,3,GARFIELD RIDGE,SPANISH,0.1,0.026,0.08800000000000001,0.113,0.193,0.381,26353,32,-3.3000000000000007,1.4000000000000057,-1.2000000000000028,4.799999999999997,-0.7000000000000002
609709,Neighborhood,330,315,66,75,128,200,1,0,No/unknown accessibility,N,Y,Y,Y,14.4,21.8,68.7,Level 2,Intensive Support,BELOW AVERAGE,FAR BELOW AVERAGE,PARTIALLY ORGANIZED,NEUTRAL,WEAK,NEUTRAL,NEUTRAL,NEUTRAL,VERY WEAK,NOT ENOUGH DATA,NOT ENOUGH DATA,NOT ENOUGH DATA,-0.8,8.0,83.1,68.7,21.8,60.0,Emerging,1,GAGE PARK,SPANISH,0.45,0.158,0.234,0.182,0.515,0.388,12171,93,10.5,10.9,-5.5,4.0,4.800000000000001
400035,Charter,584,533,57,82,180,317,20,54,Fully Accessible,Y,Y,N,Y,20.8,72.0,85.2,Level 1+,Not Applicable,FAR ABOVE AVERAGE,AVERAGE,WELL ORGANIZED,STRONG,STRONG,VERY STRONG,NEUTRAL,NEUTRAL,WEAK,NOT ENOUGH DATA,NOT ENOUGH DATA,NOT ENOUGH DATA,2.9,66.0,85.7,85.2,72.0,75.4,Coming Soon,4,ROGERS PARK,SPANISH,0.1,0.077,0.236,0.087,0.182,0.275,23939,39,0.0,0.0,0.5,0.0,0.0
609725,Neighborhood,1282,1119,138,3,1254,13,4,1,Generally accessible,N,N,N,Y,17.3,66.8,79.6,Level 2+,Good Standing,BELOW AVERAGE,BELOW AVERAGE,ORGANIZED,STRONG,WEAK,STRONG,NEUTRAL,STRONG,VERY WEAK,NOT ENOUGH DATA,NOT ENOUGH DATA,NOT ENOUGH DATA,-1.0,25.0,83.0,79.6,66.8,76.7,Coming Soon,2,MORGAN PARK,SPANISH,0.01,0.008,0.132,0.15,0.108,0.403,27149,30,3.6000000000000014,16.199999999999996,-2.700000000000003,4.5,-0.7000000000000002
610334,Small,379,374,100,10,353,22,2,1,Generally accessible,Y,N,N,Y,14.5,51.1,73.4,Level 2,Intensive Support,FAR BELOW AVERAGE,FAR BELOW AVERAGE,ORGANIZED,NEUTRAL,NEUTRAL,STRONG,NEUTRAL,NEUTRAL,WEAK,NOT ENOUGH DATA,NOT ENOUGH DATA,NOT ENOUGH DATA,-2.0,7.0,83.6,73.4,51.1,54.8,Established,3,EAST GARFIELD PARK,SPANISH,0.0,0.08199999999999999,0.424,0.196,0.213,0.4320000000000001,12961,83,5.699999999999996,-4.400000000000002,1.7000000000000028,4.700000000000003,0.5999999999999996
610391,Selective enrollment,1331,882,72,19,941,325,34,13,Generally accessible,N,N,N,Y,22.9,83.6,89.2,Level 1+,Good Standing,FAR ABOVE AVERAGE,ABOVE AVERAGE,WELL ORGANIZED,VERY STRONG,VERY STRONG,VERY STRONG,NEUTRAL,STRONG,NEUTRAL,STRONG,NEUTRAL,STRONG,1.8,83.0,99.3,89.2,83.6,91.1,Coming Soon,7,WEST ENGLEWOOD,SPANISH,0.01,0.048,0.344,0.359,0.263,0.407,11317,89,-0.8,-38.900000000000006,0.09999999999999432,4.700000000000003,-1.0
609727,Neighborhood,639,606,148,4,628,8,0,0,Generally accessible,Y,N,N,Y,15.2,55.4,57.9,Level 2,Intensive Support,BELOW AVERAGE,BELOW AVERAGE,MODERATELY ORGANIZED,WEAK,NEUTRAL,STRONG,NEUTRAL,NEUTRAL,WEAK,NOT ENOUGH DATA,NOT ENOUGH DATA,NOT ENOUGH DATA,-0.9,10.0,73.5,57.9,55.4,60.3,Coming Soon,6,DOUGLAS,CHINESE,0.03,0.018000000000000002,0.29600000000000004,0.182,0.14300000000000002,0.307,23791,47,56.0,-5.700000000000003,-5.5,4.900000000000006,-0.20000000000000107
609708,Neighborhood,802,750,178,204,180,591,20,7,Generally accessible,N,Y,N,Y,15.3,44.6,65.2,Level 2,Intensive Support,BELOW AVERAGE,BELOW AVERAGE,WELL ORGANIZED,STRONG,NEUTRAL,STRONG,STRONG,STRONG,WEAK,NOT ENOUGH DATA,NOT ENOUGH DATA,NOT ENOUGH DATA,-0.6,12.0,68.7,65.2,44.6,64.3,Emerging,2,PORTAGE PARK,SPANISH,0.12,0.041,0.116,0.126,0.193,0.34,24336,35,13.5,12.899999999999999,-0.5,5.0,-1.0999999999999996
610323,Small,293,271,88,21,228,63,1,0,Generally accessible,Y,Y,N,Y,14.6,49.4,63.7,Level 2+,Good Standing,BELOW AVERAGE,FAR BELOW AVERAGE,WELL ORGANIZED,STRONG,STRONG,VERY STRONG,STRONG,STRONG,WEAK,STRONG,STRONG,NEUTRAL,-0.8,7.0,92.4,63.7,49.4,44.1,Coming Soon,1,SOUTH CHICAGO,SPANISH,0.09,0.047,0.298,0.197,0.266,0.411,16579,75,21.599999999999994,2.700000000000001,1.2999999999999972,5.299999999999997,-0.20000000000000018
609729,Neighborhood,1736,1599,362,323,177,1415,94,23,Generally accessible,N,Y,N,Y,16.4,50.1,72.5,Level 2+,Provisional Support,AVERAGE,BELOW AVERAGE,ORGANIZED,NEUTRAL,NEUTRAL,STRONG,NEUTRAL,NEUTRAL,WEAK,NOT ENOUGH DATA,NOT ENOUGH DATA,NOT ENOUGH DATA,-0.5,19.0,78.3,72.5,50.1,60.3,Coming Soon,2,IRVING PARK,SPANISH,0.19,0.063,0.131,0.1,0.224,0.316,27249,34,8.3,-3.700000000000003,1.2000000000000028,4.299999999999997,-0.10000000000000053
610513,Military academy,262,239,35,7,116,106,28,7,Generally accessible,Y,N,N,Y,18.8,61.5,86.1,Level 1,Good Standing,ABOVE AVERAGE,AVERAGE,ORGANIZED,STRONG,NEUTRAL,NEUTRAL,NEUTRAL,NEUTRAL,WEAK,STRONG,NEUTRAL,NEUTRAL,0.6,40.0,80.2,86.1,61.5,61.1,Coming Soon,5,ARMOUR SQUARE,CHINESE,0.45,0.057,0.401,0.16699999999999998,0.345,0.383,16148,82,13.0,-3.5999999999999996,0.6999999999999886,5.0,-2.9999999999999996
610384,Small,420,403,52,49,3,413,3,1,Fully Accessible,Y,Y,N,Y,18.8,58.5,94.2,Level 1+,Good Standing,ABOVE AVERAGE,AVERAGE,WELL ORGANIZED,STRONG,STRONG,STRONG,STRONG,VERY STRONG,WEAK,NOT ENOUGH DATA,NOT ENOUGH DATA,NOT ENOUGH DATA,1.2,44.0,95.0,94.2,58.5,71.7,Coming Soon,2,SOUTH LAWNDALE,SPANISH,0.44,0.152,0.307,0.158,0.5479999999999999,0.338,10402,96,1.4,19.0,-1.5,4.900000000000006,3.2
610244,Magnet,548,512,67,6,534,13,0,0,Fully Accessible,Y,N,N,Y,16.3,54.1,85.8,Level 2+,Good Standing,BELOW AVERAGE,BELOW AVERAGE,ORGANIZED,NEUTRAL,NEUTRAL,STRONG,NEUTRAL,NEUTRAL,WEAK,NOT ENOUGH DATA,NOT ENOUGH DATA,NOT ENOUGH DATA,-1.1,16.0,91.2,85.8,54.1,61.2,Coming Soon,2,AUSTIN,SPANISH,0.03,0.063,0.28600000000000003,0.226,0.244,0.379,15957,73,5.299999999999997,-4.6000000000000085,-1.6000000000000085,5.900000000000006,1.5
609749,Selective enrollment,1062,470,61,7,78,316,311,209,Fully Accessible,N,N,N,N,29.5,93.4,97.8,Level 1+,Good Standing,FAR ABOVE AVERAGE,FAR ABOVE AVERAGE,WELL ORGANIZED,VERY STRONG,VERY STRONG,VERY STRONG,STRONG,VERY STRONG,STRONG,NOT ENOUGH DATA,NOT ENOUGH DATA,NOT ENOUGH DATA,1.9,99.0,99.3,97.8,93.4,97.4,Coming Soon,6,NORTH PARK,SPANISH,0.06,0.039,0.132,0.099,0.14400000000000002,0.39,26576,33,-0.5,-1.9000000000000004,0.9000000000000057,4.799999999999997,0.30000000000000004
609753,Magnet,723,325,132,8,297,131,267,2,Generally accessible,N,Y,N,N,20.2,79.8,74.7,Level 1+,Good Standing,ABOVE AVERAGE,AVERAGE,WELL ORGANIZED,VERY STRONG,STRONG,STRONG,STRONG,STRONG,NEUTRAL,NEUTRAL,WEAK,STRONG,0.8,56.0,92.8,74.7,79.8,80.2,Coming Soon,2,MOUNT GREENWOOD,SPANISH,0.01,0.01,0.034,0.087,0.043,0.368,34381,16,-1.2999999999999998,3.400000000000002,0.29999999999999716,4.3999999999999915,-0.10000000000000009
609760,Military academy,479,443,26,18,192,281,3,0,Generally accessible,Y,N,N,Y,18.0,45.7,91.0,Level 1,Good Standing,AVERAGE,BELOW AVERAGE,WELL ORGANIZED,STRONG,STRONG,STRONG,NEUTRAL,NEUTRAL,NEUTRAL,STRONG,NEUTRAL,NEUTRAL,0.0,31.0,96.6,91.0,45.7,57.8,Coming Soon,2,RIVERDALE,SPANISH,0.01,0.058,0.565,0.34600000000000003,0.275,0.515,8201,98,-2.5,-9.3,0.10000000000000853,5.299999999999997,1.2000000000000002
609693,Selective enrollment,1199,981,83,17,645,467,25,48,Fully Accessible,N,N,N,Y,20.7,76.7,97.6,Level 1+,Good Standing,ABOVE AVERAGE,AVERAGE,WELL ORGANIZED,VERY STRONG,VERY STRONG,VERY STRONG,VERY STRONG,VERY STRONG,NEUTRAL,STRONG,NEUTRAL,STRONG,0.5,62.0,95.0,97.6,76.7,81.4,Coming Soon,7,HUMBOLDT PARK,SPANISH,0.18,0.14800000000000002,0.339,0.173,0.354,0.38,13781,85,2.3,-3.200000000000003,-0.7999999999999972,4.5,0.29999999999999993
400022,Contract,621,332,38,5,238,202,119,15,Generally accessible,N,N,N,N,19.4,79.6,81.1,Level 1+,Good Standing,AVERAGE,AVERAGE,WELL ORGANIZED,NEUTRAL,STRONG,VERY STRONG,NEUTRAL,STRONG,NEUTRAL,NOT ENOUGH DATA,NOT ENOUGH DATA,NOT ENOUGH DATA,-0.2,48.0,93.0,81.1,79.6,82.4,Coming Soon,3,WEST TOWN,SPANISH,0.1,0.023,0.147,0.066,0.129,0.217,43198,10,0.1999999999999993,-9.099999999999994,0.20000000000000284,0.0,2.1
609680,Selective enrollment,1072,346,48,8,118,235,465,192,Fully Accessible,N,Y,N,N,29.6,87.7,95.3,Level 1+,Good Standing,FAR ABOVE AVERAGE,FAR ABOVE AVERAGE,WELL ORGANIZED,VERY STRONG,VERY STRONG,VERY STRONG,STRONG,STRONG,STRONG,NOT ENOUGH DATA,NOT ENOUGH DATA,NOT ENOUGH DATA,2.6,99.0,99.6,95.3,87.7,96.5,Coming Soon,3,NEAR NORTH SIDE,SPANISH,0.01,0.019,0.129,0.07,0.025,0.226,88669,1,-1.5,-5.0,0.0,4.5,-0.29999999999999993
610392,Small,351,337,54,89,23,319,3,0,Fully Accessible,Y,Y,N,Y,17.5,57.8,77.9,Level 1,Good Standing,AVERAGE,BELOW AVERAGE,WELL ORGANIZED,VERY STRONG,STRONG,STRONG,VERY STRONG,VERY STRONG,WEAK,NOT ENOUGH DATA,NOT ENOUGH DATA,NOT ENOUGH DATA,0.3,27.0,86.6,77.9,57.8,61.1,Coming Soon,2,SOUTH LAWNDALE,SPANISH,0.44,0.152,0.307,0.158,0.5479999999999999,0.338,10402,96,1.0,4.700000000000001,-0.5999999999999943,5.400000000000006,1.0
609678,Selective enrollment,1866,732,126,17,259,529,669,243,Generally accessible,N,N,N,N,26.2,87.3,91.8,Level 1+,Good Standing,FAR ABOVE AVERAGE,FAR ABOVE AVERAGE,WELL ORGANIZED,VERY STRONG,VERY STRONG,VERY STRONG,NEUTRAL,NEUTRAL,STRONG,NOT ENOUGH DATA,NOT ENOUGH DATA,NOT ENOUGH DATA,1.7,97.0,99.1,91.8,87.3,94.0,Coming Soon,5,LOOP,CHINESE,0.02,0.015,0.147,0.057,0.031,0.135,65526,3,-0.5000000000000001,-19.4,0.5999999999999943,4.900000000000006,0.10000000000000009
609719,Neighborhood,1387,1122,230,102,127,980,186,52,Generally accessible,N,Y,N,Y,17.5,65.7,91.2,Level 1,Good Standing,BELOW AVERAGE,BELOW AVERAGE,ORGANIZED,NEUTRAL,NEUTRAL,STRONG,NEUTRAL,NEUTRAL,WEAK,NEUTRAL,WEAK,NEUTRAL,-0.7,27.0,84.1,91.2,65.7,70.4,Established,5,LAKE VIEW,SPANISH,0.02,0.011,0.114,0.047,0.026,0.17,60058,5,-23.3,-2.3999999999999986,1.1000000000000085,4.700000000000003,1.0
400087,Charter,198,183,62,0,183,9,4,0,Generally accessible,Y,N,N,Y,15.7,61.4,66.7,Level 2+,Not Applicable,AVERAGE,BELOW AVERAGE,PARTIALLY ORGANIZED,NEUTRAL,WEAK,STRONG,WEAK,WEAK,VERY WEAK,NEUTRAL,NEUTRAL,WEAK,-0.4,12.0,84.5,66.7,61.4,81.8,Coming Soon,5,DOUGLAS,CHINESE,0.03,0.018000000000000002,0.29600000000000004,0.182,0.14300000000000002,0.307,23791,47,0.0,0.0,6.700000000000003,0.0,0.10000000000000053
610380,Small,232,224,33,1,226,4,1,0,Generally accessible,Y,N,N,Y,17.1,74.7,83.5,Level 1,Good Standing,AVERAGE,BELOW AVERAGE,WELL ORGANIZED,STRONG,STRONG,VERY STRONG,VERY STRONG,STRONG,WEAK,STRONG,STRONG,NEUTRAL,-0.5,23.0,83.1,83.5,74.7,76.3,Coming Soon,5,GRAND BOULEVARD,SPANISH,0.01,0.033,0.293,0.243,0.159,0.395,23472,57,19.599999999999998,13.3,1.5,4.900000000000006,-0.5
609750,Citywide-Option,38,37,6,2,28,8,2,0,No/unknown accessibility,N,U,U,Y,16.7,58.531092436974774,21.4,Level 2,Provisional Support,NO DATA AVAILABLE,BELOW AVERAGE,WELL ORGANIZED,STRONG,STRONG,VERY STRONG,STRONG,VERY STRONG,STRONG,NOT ENOUGH DATA,NOT ENOUGH DATA,NOT ENOUGH DATA,-0.062280701754386,19.0,84.7205128205129,21.4,58.531092436974774,65.80608695652174,Coming Soon,5,NEAR WEST SIDE,SPANISH,0.02,0.038,0.206,0.107,0.096,0.222,44689,15,2.5999999999999996,-28.599999999999994,-2.1999999999999957,4.099999999999994,-7.699999999999999
400053,Charter,670,602,104,75,102,539,12,3,Generally accessible,Y,Y,N,Y,19.5,80.5,81.7,Level 1+,Not Applicable,FAR ABOVE AVERAGE,AVERAGE,WELL ORGANIZED,STRONG,STRONG,VERY STRONG,WEAK,STRONG,WEAK,NOT ENOUGH DATA,NOT ENOUGH DATA,NOT ENOUGH DATA,2.5,50.0,87.7,81.7,80.5,73.2,Coming Soon,7,WEST TOWN,SPANISH,0.1,0.023,0.147,0.066,0.129,0.217,43198,10,0.0,0.0,1.0,0.0,1.0999999999999999
400062,Charter,329,296,65,1,321,6,0,0,Generally accessible,Y,Y,N,Y,16.5,75.7,73.1,Level 1+,Not Applicable,ABOVE AVERAGE,BELOW AVERAGE,MODERATELY ORGANIZED,NEUTRAL,WEAK,STRONG,NEUTRAL,NEUTRAL,VERY WEAK,NOT ENOUGH DATA,NOT ENOUGH DATA,NOT ENOUGH DATA,0.5,18.0,91.6,73.1,75.7,66.7,Coming Soon,5,AUBURN GRESHAM,SPANISH,0.0,0.04,0.276,0.28300000000000003,0.185,0.419,15528,74,0.0,0.0,2.3000000000000114,0.0,3.2
610357,Neighborhood,127,122,34,43,1,124,1,0,No/unknown accessibility,Y,Y,N,Y,15.7,47.2,91.2,Level 2+,Good Standing,BELOW AVERAGE,BELOW AVERAGE,WELL ORGANIZED,STRONG,NEUTRAL,STRONG,STRONG,VERY STRONG,WEAK,STRONG,VERY STRONG,STRONG,-1.2,15.0,87.8,91.2,47.2,72.7,Coming Soon,10,SOUTH LAWNDALE,SPANISH,0.44,0.152,0.307,0.158,0.5479999999999999,0.338,10402,96,11.500000000000002,14.700000000000003,-1.0,5.800000000000011,0.0
609707,Neighborhood,123,118,39,0,120,1,0,1,Generally accessible,Y,N,N,Y,13.2,46.4,39.4,Level 3,Intensive Support,FAR BELOW AVERAGE,FAR BELOW AVERAGE,WELL ORGANIZED,STRONG,NEUTRAL,VERY STRONG,NEUTRAL,STRONG,WEAK,NEUTRAL,WEAK,WEAK,-2.0,3.0,57.9,39.4,46.4,38.2,Coming Soon,6,ENGLEWOOD,SPANISH,0.0,0.038,0.466,0.28,0.285,0.425,11888,94,24.199999999999996,7.0,3.4000000000000057,3.299999999999997,3.8000000000000007
400098,Charter,964,804,110,66,263,646,6,38,Generally accessible,Y,Y,N,Y,21.8,88.4,86.4,Level 1+,Not Applicable,FAR ABOVE AVERAGE,ABOVE AVERAGE,WELL ORGANIZED,VERY STRONG,VERY STRONG,VERY STRONG,STRONG,VERY STRONG,NEUTRAL,NOT ENOUGH DATA,NOT ENOUGH DATA,NOT ENOUGH DATA,3.4,74.0,95.0,86.4,88.4,82.2,Coming Soon,5,LOOP,CHINESE,0.02,0.015,0.147,0.057,0.031,0.135,65526,3,0.0,0.0,-0.6000000000000085,0.0,1.1
610506,Small,94,87,19,0,93,1,0,0,Generally accessible,Y,N,N,Y,14.3,50.7,73.9,Level 2,Intensive Support,BELOW AVERAGE,FAR BELOW AVERAGE,PARTIALLY ORGANIZED,VERY WEAK,NEUTRAL,NEUTRAL,NEUTRAL,NEUTRAL,VERY WEAK,NOT ENOUGH DATA,NOT ENOUGH DATA,NOT ENOUGH DATA,-1.5,6.0,60.0,73.9,50.7,44.1,Coming Soon,5,ENGLEWOOD,SPANISH,0.0,0.038,0.466,0.28,0.285,0.425,11888,94,-35.199999999999996,-7.699999999999999,11.700000000000003,4.8999999999999915,-2.7
400013,Charter,378,358,95,103,12,350,5,3,Fully Accessible,Y,Y,N,Y,14.9,29.5,67.9,Level 2+,Not Applicable,BELOW AVERAGE,BELOW AVERAGE,WELL ORGANIZED,VERY STRONG,STRONG,VERY STRONG,VERY STRONG,VERY STRONG,WEAK,NEUTRAL,STRONG,NEUTRAL,-1.2,10.0,88.6,67.9,29.5,73.3,Coming Soon,5,AVONDALE,SPANISH,0.32,0.06,0.153,0.092,0.247,0.31,20039,42,0.0,0.0,-3.200000000000003,0.0,4.3999999999999995
609679,Career academy,1398,1316,181,82,252,1101,27,7,Generally accessible,N,Y,N,Y,18.1,66.4,88.2,Level 1+,Good Standing,AVERAGE,BELOW AVERAGE,WELL ORGANIZED,STRONG,NEUTRAL,STRONG,NEUTRAL,STRONG,WEAK,NOT ENOUGH DATA,NOT ENOUGH DATA,NOT ENOUGH DATA,-0.3,34.0,94.7,88.2,66.4,70.1,Established,4,BELMONT CRAGIN,SPANISH,0.33,0.108,0.187,0.146,0.373,0.373,15461,70,3.8000000000000007,-2.299999999999999,-0.5,4.5,1.5999999999999999
610499,Small,256,255,59,1,251,4,0,0,Generally accessible,Y,N,N,Y,14.7,41.2,58.9,Level 3,Intensive Support,FAR BELOW AVERAGE,FAR BELOW AVERAGE,NOT YET ORGANIZED,VERY WEAK,WEAK,NEUTRAL,VERY WEAK,WEAK,VERY WEAK,NOT ENOUGH DATA,NOT ENOUGH DATA,NOT ENOUGH DATA,-2.0,7.0,69.7,58.9,41.2,29.6,Coming Soon,10,NORTH LAWNDALE,SPANISH,0.02,0.07400000000000001,0.431,0.212,0.276,0.4270000000000001,12034,87,-19.10000000000001,36.5,-1.2999999999999972,4.400000000000006,-0.20000000000000107
400061,Charter,428,406,76,0,417,5,0,0,Generally accessible,Y,N,N,Y,16.8,53.2,75.2,Level 1,Not Applicable,ABOVE AVERAGE,BELOW AVERAGE,WELL ORGANIZED,STRONG,NEUTRAL,STRONG,STRONG,STRONG,VERY WEAK,STRONG,STRONG,NEUTRAL,0.6,20.0,90.7,75.2,53.2,72.5,Coming Soon,5,AUBURN GRESHAM,SPANISH,0.0,0.04,0.276,0.28300000000000003,0.185,0.419,15528,74,0.0,0.0,2.0,0.0,4.8
609751,Selective enrollment,598,492,55,15,562,23,1,6,Generally accessible,N,N,N,Y,20.6,82.1,89.4,Level 1+,Good Standing,AVERAGE,AVERAGE,PARTIALLY ORGANIZED,NEUTRAL,NEUTRAL,VERY STRONG,WEAK,WEAK,WEAK,NOT ENOUGH DATA,NOT ENOUGH DATA,NOT ENOUGH DATA,0.4,60.0,90.1,89.4,82.1,86.9,Coming Soon,3,KENWOOD,SPANISH,0.01,0.024,0.217,0.157,0.113,0.354,35911,26,2.6000000000000005,18.400000000000002,0.0,4.5,0.5
609766,Special Education,234,187,234,82,50,130,48,5,Generally accessible,N,U,U,Y,17.467521367521364,10.8,27.8,Inability to Rate,Good Standing,NO DATA AVAILABLE,NO DATA AVAILABLE,WELL ORGANIZED,VERY STRONG,NEUTRAL,STRONG,STRONG,STRONG,NEUTRAL,VERY STRONG,STRONG,STRONG,-0.062280701754386,29.64957264957265,95.2,27.8,10.8,65.80608695652174,Coming Soon,4,PORTAGE PARK,SPANISH,0.12,0.041,0.116,0.126,0.193,0.34,24336,35,-1.7000000000000002,44.7,1.2000000000000028,4.699999999999989,0.8999999999999999
400032,Charter,425,391,80,0,417,3,0,0,Generally accessible,Y,N,N,Y,16.3,64.3,78.6,Level 2+,Not Applicable,AVERAGE,BELOW AVERAGE,WELL ORGANIZED,STRONG,NEUTRAL,STRONG,STRONG,STRONG,WEAK,NOT ENOUGH DATA,NOT ENOUGH DATA,NOT ENOUGH DATA,-0.1,16.0,71.4,78.6,64.3,61.0,Coming Soon,5,AUBURN GRESHAM,SPANISH,0.0,0.04,0.276,0.28300000000000003,0.185,0.419,15528,74,0.0,0.0,4.599999999999994,0.0,0.0
609768,Neighborhood,95,94,49,11,75,16,3,0,No/unknown accessibility,Y,N,N,Y,14.7,44.8,71.4,Level 2,Intensive Support,BELOW AVERAGE,FAR BELOW AVERAGE,WELL ORGANIZED,NEUTRAL,NEUTRAL,STRONG,STRONG,STRONG,WEAK,NOT ENOUGH DATA,NOT ENOUGH DATA,NOT ENOUGH DATA,-0.7,8.0,84.4,71.4,44.8,40.5,Coming Soon,6,ENGLEWOOD,SPANISH,0.0,0.038,0.466,0.28,0.285,0.425,11888,94,-7.700000000000001,-11.5,-1.9000000000000057,4.800000000000011,-1.5
400102,Charter,225,197,59,0,220,3,0,0,Generally accessible,Y,N,N,Y,16.6,74.6,64.1,Level 2,Not Applicable,AVERAGE,BELOW AVERAGE,PARTIALLY ORGANIZED,NEUTRAL,NEUTRAL,NEUTRAL,WEAK,NEUTRAL,VERY WEAK,VERY STRONG,STRONG,NEUTRAL,0.3,19.0,74.7,64.1,74.6,61.1,Coming Soon,7,NEAR WEST SIDE,SPANISH,0.02,0.038,0.206,0.107,0.096,0.222,44689,15,0.0,0.0,3.8999999999999915,0.0,-4.2
609695,Neighborhood,1223,996,168,104,146,728,148,163,Fully Accessible,Y,Y,Y,Y,18.2,54.4,82.8,Level 1,Good Standing,AVERAGE,BELOW AVERAGE,WELL ORGANIZED,STRONG,STRONG,STRONG,STRONG,VERY STRONG,NEUTRAL,NOT ENOUGH DATA,NOT ENOUGH DATA,NOT ENOUGH DATA,-0.1,35.0,94.4,82.8,54.4,72.0,Exemplary,5,LINCOLN SQUARE,SPANISH,0.08,0.034,0.109,0.08199999999999999,0.134,0.255,37524,17,3.299999999999999,-7.9,-1.2999999999999972,4.099999999999994,1.1
400091,Contract,245,222,61,3,189,45,8,2,Fully Accessible,Y,Y,N,Y,15.6,60.0,69.5,Level 2,Intensive Support,BELOW AVERAGE,BELOW AVERAGE,ORGANIZED,WEAK,NEUTRAL,STRONG,NEUTRAL,STRONG,WEAK,NOT ENOUGH DATA,NOT ENOUGH DATA,NOT ENOUGH DATA,-1.0,12.0,76.6,69.5,60.0,46.2,Coming Soon,9,NEAR WEST SIDE,SPANISH,0.02,0.038,0.206,0.107,0.096,0.222,44689,15,-0.29999999999999716,13.600000000000009,-0.5,0.0,0.0
609710,Neighborhood,387,365,106,0,383,1,1,0,Generally accessible,N,N,N,Y,15.2,48.0,54.6,Level 3,Intensive Support,BELOW AVERAGE,BELOW AVERAGE,NOT YET ORGANIZED,WEAK,WEAK,STRONG,WEAK,WEAK,VERY WEAK,NOT ENOUGH DATA,NOT ENOUGH DATA,NOT ENOUGH DATA,-1.3,10.0,58.1,54.6,48.0,49.6,Coming Soon,4,ROSELAND,SPANISH,0.0,0.025,0.198,0.203,0.16899999999999998,0.412,17949,52,-35.7,0.8000000000000007,-3.700000000000003,4.200000000000003,-0.8000000000000007
609735,Neighborhood,239,225,84,18,133,76,21,1,Generally accessible,Y,Y,N,Y,14.5,31.7,50.0,Level 2,Intensive Support,BELOW AVERAGE,FAR BELOW AVERAGE,ORGANIZED,WEAK,NEUTRAL,STRONG,STRONG,STRONG,WEAK,STRONG,STRONG,STRONG,-1.1,7.0,70.8,50.0,31.7,34.4,Coming Soon,6,NEW CITY,SPANISH,0.27,0.119,0.29,0.23,0.415,0.389,12765,91,8.599999999999994,-23.000000000000007,0.20000000000000284,5.199999999999989,2.0999999999999996
400059,Charter,351,340,62,0,348,2,0,0,Generally accessible,Y,Y,N,Y,14.5,63.2,69.7,Level 2,Not Applicable,FAR BELOW AVERAGE,FAR BELOW AVERAGE,ORGANIZED,NEUTRAL,NEUTRAL,STRONG,NEUTRAL,NEUTRAL,WEAK,VERY STRONG,STRONG,NEUTRAL,-1.7,7.0,83.1,69.7,63.2,51.7,Coming Soon,11,NORTH LAWNDALE,SPANISH,0.02,0.07400000000000001,0.431,0.212,0.276,0.4270000000000001,12034,87,0.0,0.0,-0.5,0.0,-0.10000000000000009
609682,Neighborhood,218,196,58,63,87,129,2,0,Generally accessible,Y,Y,N,Y,14.6,47.4,71.7,Level 2,Intensive Support,FAR BELOW AVERAGE,FAR BELOW AVERAGE,PARTIALLY ORGANIZED,WEAK,NEUTRAL,NEUTRAL,WEAK,NEUTRAL,VERY WEAK,NOT ENOUGH DATA,NOT ENOUGH DATA,NOT ENOUGH DATA,-1.9,7.0,71.4,71.7,47.4,36.7,Emerging,6,NEW CITY,SPANISH,0.27,0.119,0.29,0.23,0.415,0.389,12765,91,-22.699999999999996,-7.799999999999997,6.5,4.5,-1.5
609711,Neighborhood,136,135,40,4,130,5,0,0,Generally accessible,Y,N,N,Y,14.6,31.9,62.1,Level 2,Intensive Support,BELOW AVERAGE,FAR BELOW AVERAGE,ORGANIZED,NEUTRAL,NEUTRAL,STRONG,NEUTRAL,STRONG,VERY WEAK,STRONG,STRONG,STRONG,-1.3,7.0,76.4,62.1,31.9,32.4,Coming Soon,6,WEST ENGLEWOOD,SPANISH,0.01,0.048,0.344,0.359,0.263,0.407,11317,89,-52.4,-29.4,-0.20000000000000284,4.5,-1.0
400097,Charter,1146,1010,161,90,377,753,4,6,Generally accessible,Y,N,N,Y,21.7,84.4,71.5,Level 1+,Not Applicable,FAR ABOVE AVERAGE,ABOVE AVERAGE,WELL ORGANIZED,NEUTRAL,VERY STRONG,VERY STRONG,STRONG,STRONG,NEUTRAL,NOT ENOUGH DATA,NOT ENOUGH DATA,NOT ENOUGH DATA,4.0,73.0,91.7,71.5,84.4,81.0,Coming Soon,6,NEAR WEST SIDE,SPANISH,0.02,0.038,0.206,0.107,0.096,0.222,44689,15,0.0,0.0,-1.1000000000000085,0.0,3.4999999999999996
610304,Military academy,533,503,33,25,90,427,3,6,Generally accessible,Y,Y,N,Y,19.0,45.2,91.5,Level 1+,Good Standing,ABOVE AVERAGE,AVERAGE,WELL ORGANIZED,VERY STRONG,STRONG,VERY STRONG,STRONG,STRONG,WEAK,STRONG,STRONG,STRONG,0.6,43.0,94.9,91.5,45.2,65.5,Emerging,2,NEAR WEST SIDE,SPANISH,0.02,0.038,0.206,0.107,0.096,0.222,44689,15,-6.9,-14.199999999999996,0.29999999999999716,5.5,0.6000000000000001
610390,Military academy,556,494,58,29,52,414,46,31,Generally accessible,Y,N,N,Y,18.0,63.3,87.6,Level 1,Good Standing,BELOW AVERAGE,BELOW AVERAGE,ORGANIZED,NEUTRAL,STRONG,NEUTRAL,NEUTRAL,NEUTRAL,WEAK,NOT ENOUGH DATA,NOT ENOUGH DATA,NOT ENOUGH DATA,-0.7,32.0,95.8,87.6,63.3,67.1,Established,5,EDGEWATER,SPANISH,0.05,0.041,0.182,0.092,0.097,0.238,33385,19,-7.7,-27.6,0.20000000000000284,5.400000000000006,0.19999999999999996
